"","brand","goods","price"
"1","이브로쉐","이브로쉐 라즈베리헤어식초 150ml (Re)","9,900"
"2","츠바키","츠바키 볼륨 샴푸 450ml","4,800"
"3","닥터포헤어","닥터포헤어 씨솔트 스케일러 200g","12,600"
"4","로레알 파리","로레알파리 토탈리페어5 헤어팩 170ml 2입 기획(50ml 추가증정)","13,900"
"5","달리프","달리프 베러 루트 릴렉싱샴푸 [탈모증상완화/두피강화] 500ml*2개 기획","17,600"
"6","이브로쉐","이브로쉐 네틀 퓨리파잉 샴푸 300ML (지성두피용)","7,200"
"7","이브로쉐","이브로쉐 퓨리티 헤어식초 150ml","8,010"
"8","바티스트","바티스트 드라이샴푸 오리지널 200ml","8,900"
"9","허벌에센스","허벌에센스 클래식 카모마일 샴푸 490ml","6,900"
"10","이브로쉐","이브로쉐 라즈베리 헤어식초 대용량 400ML 트리플 기획세트","36,200"
"11","피토더마","피토더마 두피 딥클렌징 샴푸 400ml","7,800"
"12","알페신","알페신 카페인 샴푸 리퀴드 200ml","11,560"
"13","라우쉬","라우쉬 콜츠푸트 안티-댄드러프 샴푸 200ml(비듬 두피 정화 샴푸)","24,000"
"14","이브로쉐","이브로쉐 모링가 리프레쉬 미셀라 샴푸 300ML (딥클렌징)","7,200"
"15","아로마티카","아로마티카 로즈마리 스칼프 스케일링 샴푸 400ml 한정기획(+카밍젤 30ml)","13,900"
"16","클로란","클로란 아쿠아민트400ml  BOGO","26,730"
"17","이브로쉐","이브로쉐 헤어식초 150ML 1+1 기획세트 (리뉴얼)","11,900"
"18","더마클라센","더마클라센 굿바이 헤어 로스 샴푸 로즈마리향 1000ml 기획 (탈모완화샴푸)","20,000"
"19","로레알 파리","로레알파리 토탈리페어5 샴푸 대용량 기획[본품900ml+증정340ml]","19,200"
"20","쿤달","쿤달 네이처샴푸 500ml 베이비파우더","7,900"
"21","닥터포헤어","닥터포헤어 폴리젠 샴푸 300ml 더블업 기획세트(100ml*3개증정)","17,600"
"22","츠바키","츠바키 볼륨 컨디셔너 450ml","4,800"
"23","아로마티카","[아로마티카] 티트리 퓨리파잉 샴푸 400ml","13,900"
"24","마녀공장","마녀공장 허브그린 내추럴 헤어 샴푸 510ml","12,500"
"25","클로란","클로란 피오니 샴푸 400ml BOGO기획","22,700"
"26","로레알 파리","로레알 엑스트라오디네리 오일 리치브라운 2입 기획","28,500"
"27","티에스샴푸","TS 프리미엄 샴푸 700g(500g+140g+6gx10매)","32,500"
"28","아로마티카","[아로마티카] 로즈마리  헤어 씨크닝 트리트먼트  컨디셔너 400ml","10,500"
"29","헤어플러스","헤어플러스 컬러본드 보색 샴푸 300ml","14,300"
"30","제이숲","제이숲 실크 케라틴 샴푸 1000g","21,700"
"31","더마클라센","더마클라센 굿바이 헤어 로스 샴푸 레몬그라스향 1000ml 기획(탈모완화샴푸)","20,000"
"32","헤드스파7","헤드스파7 썬트리 샴푸기획[탈모기능성] [300ml+6ml*5개]","14,700"
"33","착한팩토리","착한팩토리 밀크 단백질샴푸 1000ml+트리트먼트 1000ml","18,910"
"34","허벌에센스","허벌에센스 클래식 카모마일 컨디셔너 490ml","6,900"
"35","팬틴","팬틴 극손상 린스 500ml","5,700"
"36","리엔","닥터그루트 힘없는모발 샴푸 400ml","19,000"
"37","플란투어","플란투어39 파이토-카페인 샴푸 250ml (연약한 모발용)","16,200"
"38","아로마티카","아로마티카 로즈마리 액티브 브이 안티 헤어로스 샴푸 400ml","19,600"
"39","존슨즈","존슨즈 베이비 소프트 앤 샤이니 샴푸 500ml","10,780"
"40","클로란","클로란 오트밀크 퀵&UP 드라이 샴푸 150ml","12,200"
"41","츠바키","츠바키 스무드 컨디셔너 450ml","4,800"
"42","사이오스","사이오스 실리콘무첨가 모이스춰 샴푸 750ml","7,900"
"43","닥터포헤어","닥터포헤어 폴리젠 샴푸 300ml기획세트(New)","17,600"
"44","닥터포헤어","닥터포헤어 피토테라피 샴푸 500ml","22,400"
"45","팬틴","팬틴 극손상 샴푸 500ml","5,700"
"46","츠바키","츠바키 모이스트 컨디셔너 450ml","4,800"
"47","착한팩토리","착한팩토리 더 빠른샴푸 500ml","21,850"
"48","티엔","티엔 헤어에디터 톡톡 헤어 파우더 10g","6,500"
"49","바티스트","바티스트 드라이샴푸 오리지널 50ml","7,500"
"50","존프리다","존프리다 딥클렌징 앤 리페어 샴푸 250ml","11,900"
"51","바티스트","바티스트 드라이샴푸 블러쉬 50ml","5,200"
"52","로레알 파리","로레알파리 토탈리페어5 샴푸","12,000"
"53","알페신","알페신 하이브리드 카페인 샴푸 250ml","10,710"
"54","미쟝센","퍼펙트리페어 트리트먼트180ml 듀오팩[2입기획]","7,500"
"55","이브로쉐","이브로쉐 모링가 리프레쉬 헤어식초 150ML (딥클렌징)","11,900"
"56","코랩","코랩 드라이샴푸 오리지널 트래블 기획세트 [1+1] (휴대용) 50mlx2(로즈&베르가못향)","8,900"
"57","코랩","코랩 퍼퓸 드라이샴푸 유니콘 200ml(자두&바닐라향)","7,900"
"58","쿤달","쿤달 네이처샴푸 500ml 화이트머스크","8,900"
"59","클로란","클로란 퀴닌 샴푸 400ml 2+1","39,600"
"60","헤어플러스","헤어플러스 벨벳 프로틴 본드 샴푸 500ml","8,700"
"61","클로란","클로란 시트러스 샴푸 400ml","15,400"
"62","존프리다","존프리다 딥클렌징 앤 리페어 컨디셔너 250ml","11,900"
"63","어헤즈","어헤즈 디어 벨벳 샴푸 500ml","20,700"
"64","다슈","다슈 데일리 한방두피 골드 샴푸 500ml (두피강화/탈모증상완화)","12,960"
"65","이브로쉐","이브로쉐 모링가 리프레쉬 프로텍티브 쉴드 컨디셔너 200ML (딥클렌징)","6,480"
"66","어헤즈","어헤즈 스파 쿨링 샴푸 250ml","19,100"
"67","츠바키","츠바키 엑스트라 모이스트 컨디셔너 500ml","15,000"
"68","아로마티카","아로마티카 로즈마리 스케일링 샴푸 900ml","29,600"
"69","리엔","닥터그루트 지성두피용 샴푸 400ml","19,000"
"70","더프트앤도프트","더프트앤도프트 소피소피 샴푸 트리트먼트 기획 세트","20,810"
"71","츠바키","츠바키 스무드 샴푸 450ml","4,800"
"72","클로란","클로란 망고 샴푸 400ml BOGO 기획","26,700"
"73","허니체","허니체 크리미 헤어 샴푸 470ml","11,900"
"74","프리맨","프리맨 피스트 드라이 샴푸 리페어 150g","12,000"
"75","OGX","OGX 헤븐리 하이드레이션 체리블러썸 컨디셔너","14,900"
"76","존슨즈","존슨즈 베이비 액티브 프레쉬 샴푸 500ml","13,230"
"77","라보에이치","라보에이치 탈모증상완화 샴푸 333ml+50ml 기획 (두피쿨링)","19,800"
"78","OGX","OGX 헤븐리 하이드레이션 체리블러썸 샴푸","14,900"
"79","닥터포헤어","닥터포헤어 폴리젠 샴푸 500ml_N","22,400"
"80","아로마티카","아로마티카 B5+비오틴 포티파잉 샴푸 400ml","12,000"
"81","츠바키","츠바키 데미지케어 샴푸 500ml","15,000"
"82","어헤즈","어헤즈 프리미엄 히든 테라피 샴푸 비오틴 플러스 750ml (200ml증정기획)","31,200"
"83","멜로우터치","멜로우터치 단백질 헤어 트리트 샴푸 (에스더버니 에디션)","12,800"
"84","더프트앤도프트","더프트앤도프트 스톡홀름로즈 퍼퓸드 헤어 샴푸 500ml","12,870"
"85","클로란","클로란 피오니 샴푸 400ml 2+1","39,600"
"86","츠바키","츠바키 볼륨터치 샴푸 500ml","15,000"
"87","미쟝센","데미지 트리트먼트180ml 듀오팩[2입기획]","6,900"
"88","팬틴","팬틴 미셀라 퓨어 클렌즈 샴푸 500ml","6,700"
"89","클로란","클로란 피오니 컨디셔너 150ml","20,000"
"90","달리프","달리프 베러 퍼퓸 샴푸 일랑로즈향 500ml","11,700"
"91","츠바키","츠바키 데미지케어 2종 세트(샴푸 리필345ml추가증정)","24,000"
"92","메다비타","메다비타 컬러보색샴푸250ml","21,800"
"93","프레시팝","만다린 유자 비듬 샴푸 500ml","7,500"
"94","버츠비","버츠비 베이비 비 샴푸 앤 워시","11,700"
"95","파놀라","파놀라 노옐로우 샴푸 350ml","19,900"
"96","아베다","아베다 샴퓨어™ 너쳐링 샴푸 250ml","24,000"
"97","로레알 파리","로레알파리 토탈리페어5 컨디셔너","10,400"
"98","AZH","AZH 에브리데이 헤어 클린트먼트 200ml","19,900"
"99","사이오스","사이오스 실리콘무첨가 모이스춰 컨디셔너750ml","7,900"
"100","라우쉬","라우쉬 아보카도 컬러-프로텍팅 샴푸 200ml(펌염색 보호 샴푸)","21,600"
"101","이브로쉐","이브로쉐 아보카도 너리싱 샴푸 300ML (영양케어)","8,000"
"102","이브로쉐","이브로쉐 라즈베리 헤어 식초 대용량 400ml","14,900"
"103","사이오스","사이오스 실리콘프리 안티댄드러프 샴푸 750ml","7,900"
"104","아로마티카","아로마티카 티트리 퓨리파잉 샴푸 900ml","29,600"
"105","이브로쉐","이브로쉐 호호바 리페어 트리트먼트 200ML (극손상모)","13,500"
"106","달리프","달리프 베러 루트 릴렉싱샴푸 500ml [탈모증상완화/두피강화]","10,800"
"107","OGX","OGX 리바이탈라이즈+ 블랙 소이빈 & 프로폴리스 컨디셔너385mL","7,450"
"108","라우쉬","라우쉬 씨위드 디그리징 샴푸 200ml(지성 두피 청정 샴푸)","24,000"
"109","록시땅","록시땅 아로마 리페어 샴푸 500ml","42,000"
"110","라우쉬","라우쉬 콜츠푸트 안티-댄드러프 샴푸&로션 듀오(비듬 각질 정화)","51,000"
"111","박준뷰티랩","박준뷰티랩 아르간 샴푸 1150ml","12,800"
"112","려","순한 저자극 더마 샴푸 건성두피용 400ml","16,000"
"113","록시땅","록시땅 아로마 리페어 컨디셔너 500ml","49,000"
"114","알페신","알페신 카페인샴푸 C1 250ml","14,000"
"115","티에스샴푸","TS BD샴푸 500g","26,000"
"116","아베다","아베다 샴퓨어™ 드라이 샴푸 56g","36,000"
"117","박준뷰티랩","박준뷰티랩 여성용 탈모샴푸 500ml","24,900"
"118","에뛰드","에뛰드 투톤 보색 퍼플 샴푸 300 ml","13,000"
"119","클로란","클로란 네틀 노세범 드라이 샴푸 150ml","16,000"
"120","아로마티카","아로마티카 퀴노아 프로틴 샴푸 400ml","12,600"
"121","박준뷰티랩","박준뷰티랩 손상모 약산성 대용량 샴푸 1.5L","17,900"
"122","박준뷰티랩","박준뷰티랩 남성용 탈모샴푸 500ml","24,900"
"123","아베다","아베다 스무드 인퓨전™ 컨디셔너 200ml","33,000"
"124","파놀라","파놀라 노옐로우 마스크 350ml","19,900"
"125","닥터포헤어","닥터포헤어 세범 컨트롤 샴푸 300ml","20,000"
"126","더마클라센","더마클라센 굿바이헤어로스 샴푸 레몬그라스 기획세트[500ml+100ml+트리트먼트 35ml]","18,900"
"127","더마앤모어","더마앤모어 미셀라 안티더스트 두피 샴푸 600ml","7,500"
"128","더마클라센","더마클라센 샴푸 1,000ml (로즈마리) + 더마클라센 트리트먼트 200ml 기획","42,000"
"129","그라펜","그라펜 루트 부스터 샴푸 s.e 500ml","24,400"
"130","닥터포헤어","닥터포헤어 폴리젠 샴푸 500ml*2개입 기획","59,900"
"131","파놀라","파놀라 컬러케어 컨디셔너 350ml","14,500"
"132","파놀라","파놀라 컬러케어 샴푸 350ml","14,500"
"133","라우쉬","라우쉬 씨위드 디그리징 샴푸 200ml&씨위드 스칼프 팩 100ml 기획","47,000"
"134","더마클라센","더마클라센 슈퍼 볼륨 내추럴 샴푸 그레이프프루트 380ml","14,500"
"135","OGX","OGX 리바이탈라이즈+ 블랙 소이빈 & 프로폴리스 샴푸 385mL","10,900"
"136","사이오스","사이오스 네이처프로 스칼프 엑스퍼트 샴푸 750ml","12,900"
"137","라보에이치","라보에이치 탈모증상완화 샴푸 333ml (두피쿨링)","19,800"
"138","어헤즈","어헤즈 프리미엄 히든 테라피 샴푸 비오틴 플러스 430ml","20,700"
"139","클로란","클로란 오트밀크 볼륨 픽서 드라이샴푸 150ml","16,000"
"140","트루자임","트루자임 액티브 엔자임 헤어 앤 스칼프 샴푸 300ml","38,500"
"141","이브로쉐","이브로쉐 호호바 리페어 샴푸 300ML (극손상모)","9,500"
"142","록시땅","록시땅 퓨리파잉 프레쉬니스 샴푸 300ml","30,000"
"143","이브로쉐","이브로쉐 아보카도 너리싱 컨디셔너 200ML (영양케어)","7,200"
"144","플란투어","플란투어21 뉴트리-카페인 샴푸 250ml (염색, 손상모발용)","18,000"
"145","이브로쉐","이브로쉐 아사이펄프 컬러 샴푸 300ML (염색모용)","9,500"
"146","이브로쉐","이브로쉐 로우 젠틀 크림 샴푸 200ML","9,500"
"147","이브로쉐","이브로쉐 아사이펄프 컬러 컨디셔너 200ML (염색모용)","8,500"
"148","이브로쉐","이브로쉐 마리골드 샤인 컨디셔너 200ML (윤기케어)","8,500"
"149","록시땅","록시땅 퓨리파잉 프레쉬니스 컨디셔너 250ml","30,000"
"150","유리아쥬","유리아쥬 베베 프리미어 샴푸 200ml","15,300"
"151","라보에이치","라보에이치 탈모증상완화 샴푸 333ml (두피강화)","19,800"
"152","라보에이치","라보에이치 탈모증상완화 샴푸 333ml (민감더마)","19,800"
"153","라보에이치","라보에이치 탈모증상완화 샴푸 333ml+50ml 기획 (두피강화)","14,900"
"154","에이비씨덤","바이오더마 에이비씨덤 샴푸잉 200ml","13,300"
"155","로레알 파리","로레알파리 엑스트라오디네리 로즈 샴푸/컨디셔너 (택1)","20,000"
"156","라우쉬","라우쉬 윌로우바크 트리트먼트 샴푸&컨디셔너 200ml 기획","36,000"
"157","룩앳헤어로스","룩앳헤어로스 민티치노 딥쿨링 샴푸액 500ml","7,900"
"158","룩앳헤어로스","룩앳헤어로스 내추럴 마일드 스칼프 케어 샴푸액 500ml","7,900"
"159","룩앳헤어로스","룩앳헤어로스 트루 헤어 앤 스칼프 샴푸액 500ml","15,900"
"160","더마클라센","더마클라센 슈퍼 볼륨 내추럴 샴푸 레몬글라스 380ml","14,500"
"161","이브로쉐","이브로쉐 마리골드 샤인 샴푸 300ML (윤기케어)","9,500"
"162","려","순한 저자극 더마 샴푸 지성두피용 400ml","16,000"
"163","리엔","리엔 윤고 더프리미엄 제비집샴푸250ml","17,900"
"164","알페신","[어워즈기획] 알페신 카페인샴푸 C1 250ml+250ml","25,200"
"165","차홍","차홍 인텐시브 리페어 샴푸 300ml","31,200"
"166","리엔","리엔 윤고 더골드 샴푸250ml","25,000"
"167","달리프","달리프 베러 퍼퓸 샴푸 레이니데이향 1000ml (증정6mlx5개입)","14,700"
"168","리우젤","리우젤 데일리 샴푸 3.38oz/100ml","10,000"
"169","리우젤","리우젤 데일리 샴푸 11.8oz/350ml","25,000"
"170","허벌에센스","허벌에센스 핑크로즈 샴푸 기획 (490ml*2EA)","27,800"
"171","달리프","달리프 베러 퍼퓸 샴푸 레이니데이향 500ml","11,700"
"172","코랩","코랩 드라이샴푸 익스트림 볼륨UP! 200ml(로즈&베르가못향)","13,900"
"173","어헤즈","어헤즈 샴푸 기획세트 430ml+[샴푸50ml+트리트먼트50ml] (추가증정)","20,700"
"174","프리맨","프리맨 피스트 드라이 샴푸 컬러세이프 150g","12,000"
"175","려","청아 두피 딥클렌징 샴푸 500ml*3입 기획","30,000"
"176","존프리다","존프리다 프리즈 이즈 미라큘러스 리커버리 컨디셔너 500mL","28,000"
"177","아베다","아베다 뉴트리플레니쉬™ 컨디셔너 딥 모이스처 250ml","37,000"
"178","프리맨","프리맨 피스트 드라이 샴푸 스칼프케어 150g","12,000"
"179","아베다","아베다 뉴트리플레니쉬™ 샴푸 딥 모이스처 250ml","37,000"
"180","아베다","아베다 뉴트리플레니쉬™ 샴푸 라이트 모이스처 250ml","37,000"
"181","테라픽","테라픽 인핸스 샴푸 500ml","22,500"
"182","프리맨","프리맨 피스트 드라이 샴푸 스칼프케어 150g","12,000"
"183","아베다","아베다 뉴트리플레니쉬™ 컨디셔너 라이트 모이스처 250ml","37,000"
"184","우르오스","우르오스 스칼프샴푸 500ml","23,800"
"185","사이오스","사이오스 실리콘프리 루트 액티베이션 컨디셔너 750ml","8,500"
"186","아로마티카","아로마티카 사이프러스 딥 클렌징 샴푸 400ml","14,400"
"187","아로마티카","[아로마티카] 로즈마리 스칼프 스케일링  샴푸 400ml","13,900"
"188","케라시스","케라시스 케라마이드 앰플 10ml*4ea","15,000"
"189","OGX","OGX 아르간오일 오브 모로코 엑스트라 스트렝스 컨디셔너","10,900"
"190","OGX","OGX 아르간오일 오브 모로코 엑스트라 스트렝스 샴푸","10,900"
"191","니심","니심 패스트 컨디셔너 300ml","30,000"
"192","바티스트","바티스트 드라이샴푸 체리 50ml","5,200"
"193","바티스트","바티스트 드라이샴푸 체리 200ml","8,900"
"194","클로란","클로란 피오니 샴푸 400ml 민감 두피·모발용","19,800"
"195","클로란","클로란 망고버터 뉴트리션 샴푸 400ml 건조 손상 두피·모발용","19,800"
"196","사이오스","사이오스 실리콘무첨가 리페어 샴푸 750ml","11,900"
"197","클로란","클로란 퀴닌 비타민B 샴푸400ml 가늘고 힘 없는 두피·모발용","19,800"
"198","사이오스","사이오스 실리콘무첨가 리페어 컨디셔너 750ml","11,900"
"199","존프리다","존프리다 프리즈 이즈 미라큘러스 리커버리 샴푸","17,000"
"200","아토팜","아토팜 마일드 샴푸 300ml","24,000"
"201","클로란","클로란 네틀 샴푸 400ml","19,800"
"202","바티스트","바티스트 드라이샴푸 볼륨 200ml","9,900"
"203","바티스트","바티스트 드라이샴푸 플로랄 200ml","14,500"
"204","팬틴","팬틴 엑스트라볼륨 컨디셔닝린스 500ml","11,300"
"205","팬틴","팬틴 엑스트라 볼륨 트리트먼트샴푸 500ml","11,300"
"206","팬틴","팬틴 실키스무드 린스 500ml","11,300"
"207","팬틴","팬틴 실키스무드 샴푸 500ml","11,300"
"208","존프리다","존프리다 프리즈 이즈 미라큘러스 리커버리 컨디셔너","17,000"
"209","마쉐리","마쉐리 아쿠아 듀 에너지 EX 2종 세트  120g X2","25,600"
"210","클로란","클로란 석류 컨디셔너 200ml","14,400"
"211","로레알 파리","로레알파리 엑스트라오디네리 오일 샴푸","11,200"
"212","라우쉬","라우쉬 아마란스 리페어 린스 컨디셔너 200ml(극손상케어 컨디셔너)","24,000"
"213","바티스트","바티스트 드라이샴푸 후레쉬 200ml","14,500"
"214","로레알 파리","로레알파리 케라틴 스무드 샴푸","12,000"
"215","려","함빛 극손상케어 린스 500ml","7,000"
"216","바티스트","바티스트 드라이샴푸 블러쉬 200ml","14,500"
"217","로레알 파리","로레알파리 폴 리페어 샴푸","12,000"
"218","세바메드","세바메드 베이비 칠드런스 샴푸 150ml","9,800"
"219","려","함빛 극손상케어 샴푸 500ml","7,000"
"220","허벌에센스","허벌에센스 핑크로즈 컨디셔너475ml","13,900"
"221","허벌에센스","허벌에센스 핑크로즈 샴푸 490ml","13,900"
"222","츠바키","츠바키 엑스트라 모이스트 샴푸 500ml","15,000"
"223","라우쉬","라우쉬 아보카도 컬러-프로텍팅 린스 컨디셔너 200ml(펌염색 보호 컨디셔너)","21,600"
"224","츠바키","츠바키 데미지케어 컨디셔너 500ml","15,000"
"225","OGX","OGX 인텐시브 인비거레이팅 유칼립투스민트 샴푸","10,900"
"226","라우쉬","라우쉬 카모마일-아마란스 리페어 샴푸 200ml(극손상케어 샴푸)","24,000"
"227","라우쉬","라우쉬 위트점 너리싱 린스 컨디셔너 200ml(건성 영양 컨디셔너)","24,000"
"228","라우쉬","라우쉬 에그오일 너리싱 샴푸 200ml(건성 영양 샴푸)","24,000"
"229","라우쉬","라우쉬 윌로우바크 트리트먼트 샴푸 200ml(모근 모발 강화 샴푸)","24,000"
"230","라우쉬","라우쉬 하트씨드 센시티브 린스 컨디셔너 200ml(민감 두피 진정 컨디셔너)","27,000"
"231","라우쉬","라우쉬 하트씨드 센시티브 샴푸 200ml(민감 두피 진정 샴푸)","27,000"
"232","라우쉬","라우쉬 스위스 허벌 케어 린스 컨디셔너 200ml(수분 진정 컨디셔너)","21,000"
"233","라우쉬","라우쉬 스위스 허벌 케어 샴푸 200ml(수분 진정 샴푸)","21,000"
"234","OGX","OGX 인텐시브 인비거레이팅 유칼립투스민트 컨디셔너","10,900"
"235","실크테라피","실크테라피 2-STEP 집중관리 세트(미스트증정)","34,000"
"236","클로란","클로란 석류 샴푸 200ml","16,200"
"237","피토더마","피토더마 탈모완화 샴푸 400ml","9,000"
"238","사이오스","사이오스 네이처프로 뱀부 리페어 샴푸 750ml","8,500"
"239","제이숲","제이숲 퍼플제이 제로세팅샴푸 500ml","22,000"
"240","피토더마","피토더마 탈모완화 샴푸 400ml","9,000"
"241","록시땅","록시땅 아로마 리페어 컨디셔너 250ml","30,000"
"242","록시땅","록시땅 아로마 리페어 샴푸 300ml","30,000"
"243","더마앤모어","더마앤모어 콜라겐 안티헤어로스 샴푸 400ml","4,900"
"244","클로란","클로란 퀴닌 샴푸 400ml BOGO 기획","29,700"
"245","려","자양윤모 민감성두피용 샴푸 400ml","16,000"
"246","려","자양윤모 지성두피용 샴푸 400ml","16,000"
"247","려","자양윤모 중건성용 샴푸 400ml","16,000"
"248","티에스샴푸","TS 프리미엄 샴푸 330g(300g+6g*5매) NEW","25,000"
"249","사이오스","사이오스 실리콘프리 루트 액티베이션 샴푸 750ml","8,500"
"250","모에타","모에타 팝 데빌 보색샴푸 300ml","17,100"
"251","더마클라센","더마클라센 굿바이 헤어 로스 샴푸 레몬그라스향 500ml (탈모완화샴푸)","15,120"
"252","아베다","아베다 인바티 헤어 케어 키트","23,000"
"253","아베다","아베다 로즈메리 민트 웨이트리스 컨디셔너 250ml","25,000"
"254","아베다","아베다 로즈메리 민트 퓨리파잉 샴푸 250ml","24,000"
"255","아베다","아베다 샴퓨어™ 너쳐링 컨디셔너 250ml","25,000"
"256","아베다","아베다 체리 아몬드 소프트닝 샴푸 250ml","24,000"
"257","아베다","아베다 인바티 어드밴스드™ 케어 3종","38,000"
"258","아베다","아베다 데미지 레미디™ 리스트럭처링 컨디셔너 200ml","36,000"
"259","아베다","아베다 데미지 레미디™ 케어 베스트 3종 택1","37,000"
"260","클로란","클로란 아쿠아민트 두피딥클렌징 샴푸 400ml","22,000"
"261","더마클라센","더마클라센 굿바이 헤어 로스 샴푸 로즈마리향 500ml (탈모완화샴푸)","15,120"
"262","팬틴","팬틴 미셀라 퓨어 모이스트 샴푸 500ml","13,400"
"263","탱글엔젤","탱글엔젤 핑크 미라클 샴푸 500ml","9,900"
"264","헤지스 맨 룰429","헤지스맨 룰492 비타 왁스 클렌징 샴푸 320ml","20,000"
"265","클로란","클로란 오트밀크 울트라 젠틀 컨디셔너 200ml","20,000"
"266","클로란","클로란 망고버터 뉴트리션 컨디셔너 200ml","20,000"
"267","착한팩토리","착한팩토리 90 밀크단백질 샴푸 1000ml","14,250"
"268","착한팩토리","착한팩토리 90 꿀 폭탄 샴푸 1000ml","11,900"
"269","쿤달","쿤달 네이처샴푸 500ml 체리블라썸","8,900"
"270","존슨즈","존슨즈 액티브 키즈 샤이니 샴푸 500ml","13,230"
"271","알페신","알페신 카페인 샴푸 더블 이펙트 200ml","11,420"
"272","사이오스","사이오스 네이처프로 로즈힙 오일 너리쉬 샴푸 750ml","12,900"
"273","사이오스","사이오스 네이처프로 뱀부 리페어 컨디셔너 750ml","8,500"
"274","클로란","클로란 퀴닌 비타민B 컨디셔너 200ml","20,000"
"275","알페신","알페신 스포츠 카페인샴푸 씨티엑스 250ml","14,000"
"276","더프트앤도프트","더프트앤도프트 핑크브리즈 퍼퓸드 헤어 샴푸 500ml","12,900"
"277","더프트앤도프트","더프트앤도프트 소피소피 퍼퓸드 헤어 샴푸 500ml","12,870"
"278","아로마티카","아로마티카 B5+비오틴 포티파잉 컨디셔너 400ml","12,000"
"279","피토더마","피토더마 스칼프 퓨리파잉 샴푸 400ml","15,000"
"280","클로란","클로란 망고 샴푸 400ml 2+1","39,600"
"281","쿤달","쿤달 네이처샴푸 500ml 클린솝","7,900"
"282","메다비타","메다비타 염색보호샴푸250ml","28,000"
"283","착한팩토리","착한팩토리 꿀폭탄 샴푸1000ml+트리트먼트1000ml","18,910"
"284","코랩","코랩 퍼퓸 드라이샴푸 파라다이스 200ml(시트러스&코코넛향)","8,300"
"285","코랩","코랩 퍼퓸 드라이샴푸 프레쉬 200ml(레몬&레놀리향)","11,900"
"286","코랩","코랩 퍼퓸 드라이샴푸 트로피칼 200ml(파파야&파인애플향)","11,900"
"287","라우쉬","라우쉬 윌로우바크 트리트먼트 린스 컨디셔너 200ml 기획(모발 강화 컨디셔너)","24,000"
"288","코랩","코랩 퍼퓸 드라이샴푸 프루티 200ml(멜론&사과향)","7,900"
"289","모레모","모레모 리커버리밤 B 120ml","13,600"
"290","모레모","모레모 워터 트리트먼트 미라클 10_480ml","24,500"
"291","모레모","모레모 헤어 트리트먼트 미라클 2X 480ML 대용량","23,400"
"292","로레알 파리","로레알파리 토탈리페어5 헤어팩 170ml 2입 기획(50ml 추가증정)","13,900"
"293","이브로쉐","이브로쉐 리프레쉬 스크럽 & 헤어식초 150ML 기획세트 (1903)","7,900"
"294","츠바키","츠바키 모이스트 트리트먼트 180g","4,800"
"295","츠바키","츠바키 스무드 트리트먼트 180g","4,800"
"296","박준뷰티랩","박준뷰티랩 LPP 단백질 헤어팩 트리트먼트 1000ml","14,400"
"297","착한팩토리","착한팩토리 밀크단백질 트리트먼트 1000+500ml","15,490"
"298","AZH","AZH 올인원 뉴트리먼트 스팀 헤어팩 1개입","6,400"
"299","헤드스파7","헤드스파7 트리트먼트 단독 기획(300+35ml)","14,700"
"300","모레모","모레모 헤어 트리트먼트 미라클 2X 180ml","12,000"
"301","멜로우터치","멜로우터치 노워시 단백질 헤어 트리트먼트 밤 기획세트 (15ml 증정)","14,900"
"302","달리프","달리프 베러 루트 워터트리트먼트 [탈모증상완화] 200ml*2개 기획","17,600"
"303","닥터포헤어","닥터포헤어 피토테라피 트리트먼트 500ml","19,900"
"304","쿤달","쿤달 트리트먼트 500ml 베이비파우더","7,900"
"305","착한팩토리","착한팩토리 90 꿀 폭탄 트리트먼트 1000ml","10,900"
"306","팬틴","팬틴 극손상케어 트리트먼트 220ml","3,900"
"307","로레알 파리","로레알파리 토탈리페어5 인스턴트 미라클 헤어팩 [170ml]","8,400"
"308","실크테라피","실크테라피 인리치드 액션 골드 랩핑 헤어팩 40g","6,000"
"309","멜로우터치","멜로우터치 샤인 & 모이스트 워터 에센스 헤어 미스트","13,800"
"310","이지엔","이지엔 닥터복구 알엑스-플렉스 퍼팩트 세트 미니","2,300"
"311","박준뷰티랩","박준뷰티랩 LPP 단백질 씻어내지 않는 트리트먼트 헤어팩 200ml","13,200"
"312","미쟝센","[올영단독기획]리본드 트리트먼트 200ml+100ml 추가증정","13,000"
"313","쿤달","쿤달 트리트먼트 500ml 화이트머스크","8,900"
"314","미쟝센","퍼펙트리페어 트리트먼트180ml 듀오팩[2입기획]","7,500"
"315","클로란","클로란 아쿠아민트 두피팩&컨디셔너 150ml","15,400"
"316","로레알 파리","로레알파리 토탈리페어5 인스턴트 미라클 헤어팩 대용량 [280ml]","13,000"
"317","츠바키","츠바키 데미지케어 트리트먼트180g 1+1 기획","14,000"
"318","모레모","모레모 워터 트리트먼트 미라클10 150ml","16,000"
"319","제이숲","제이숲 헤어팩 트리트먼트 1000g","28,900"
"320","박준뷰티랩","박준뷰티랩 아르간 헤어팩 트리트먼트 1150ml","12,800"
"321","테라픽","테라픽 프래그런스 헤어팩 500ml","20,200"
"322","로레알 파리","로레알파리 토탈리페어5 마스크 200ml","9,000"
"323","닥터포헤어","닥터포헤어 카올린 스칼프팩 200ml","17,000"
"324","케라시스","케라시스 어드밴스드 앰플 워터트리트먼트 200ml + 35ml","10,500"
"325","제이숲","제이숲 레드제이 워터트리트먼트 로즈테라피 500ml","21,000"
"326","모레모","모레모 휩피드 크림 트리트먼트 W 200g","13,300"
"327","메디힐","메디힐 헤어 쉽 스팀 팩","5,000"
"328","차홍","차홍 인텐시브 리페어 마스크 100ml","22,500"
"329","쌤잇","쌤잇 워터풀 퍼펙트 케어 헤어팩 기획세트(200ml+30ml)","19,800"
"330","달리프","달리프 베러 퍼퓸 트리트먼트 일랑로즈향 500ml (샴푸증정6mlx5개입)","11,700"
"331","달리프","달리프글램 헤어팩 인 미스트 200ml [뿌리는 고농축 헤어팩]","12,600"
"332","미쟝센","씻지않는 트리트먼트 베이스업 에센스 230ml","16,000"
"333","팬틴","팬틴 미셀라 퓨어 클렌즈 트리트먼트 500ml","6,700"
"334","라보에이치","라보에이치 탈모증상완화 트리트먼트 200ml (두피강화)","12,000"
"335","사이오스","사이오스 실리콘프리 루트액티베이션 샴푸 + 트리트먼트 마스크 기획팩","12,900"
"336","멜로우터치","멜로우터치 실키 헤어 트리트먼트 에센스","15,600"
"337","AZH","AZH 헤어 트리트먼트 크림 250ml","18,000"
"338","제이숲","제이숲 퍼플제이 풀세팅 헤어팩 300ml","20,000"
"339","메다비타","메다비타 컬러 보호용 헤어 마스크150ml","30,000"
"340","닥터포헤어","닥터포헤어 피토테라피 트리트먼트 300ml","14,400"
"341","착한팩토리","착한팩토리 90% 밀크단백질 트리트먼트 1000ml","14,250"
"342","츠바키","츠바키 프리미엄 리페어 마스크 180g","12,800"
"343","허니체","허니체 모이스처 헤어 마스크 와이 220g","13,400"
"344","케라시스","케라시스 케라마이드 극손상 클리닉 트리트먼트 200ml","3,800"
"345","허니체","허니체 딥 모이스트 리페어 헤어 마스크 200g","14,900"
"346","착한팩토리","착한팩토리 단백질폭탄 헤어앤헤드스파20g+20gx10입","15,000"
"347","라우쉬","라우쉬 위트점 너리싱 팩 100ml(모발 영양 SOS 팩)","28,000"
"348","미쟝센","데미지케어 헤어팩 150ml","5,500"
"349","미쟝센","데미지 트리트먼트180ml 듀오팩[2입기획]","6,900"
"350","이브로쉐","이브로쉐 리프레쉬 스크럽 스칼프 150g","14,900"
"351","로레알 파리","로레알파리 엑스트라 오디네리 로즈 헤어팩","15,000"
"352","달리프","달리프 베러 퍼퓸 트리트먼트 레이니데이향 500ml (샴푸증정6mlx5개입)","11,700"
"353","모레모","모레모 투스텝 헤어클리닉 R","18,700"
"354","츠바키","츠바키 볼륨 트리트먼트 180g","4,800"
"355","제이숲","제이숲 퍼플제이 워터팩 200ml+3ml 추가 기획","32,000"
"356","제이숲","제이숲 퍼플제이 워터팩 로즈테라피 세트 200ml+30ml","34,000"
"357","아로마티카","아로마티카 퀴노아 프로틴 트리트먼트 마스크 160ml","10,500"
"358","케라시스","케라시스 케라마이드 열손상 클리닉 트리트먼트 200ml","8,500"
"359","어헤즈","어헤즈 프리미엄 히든 테라피 트리트먼트 430ml","20,700"
"360","어헤즈","어헤즈 리바이브 스팀 헤어팩 3개입","19,100"
"361","착한팩토리","착한팩토리 단백질폭탄 헤드앤헤어스파20g+20g","3,000"
"362","어헤즈","어헤즈 볼륨앤케어 트리트먼트 200ml","18,300"
"363","러비더비","러비더비 퀵모닝 리페어 노 린스 트리트먼트 [50ml]","12,900"
"364","라우쉬","라우쉬 씨위드 스칼프 팩 100ml","35,000"
"365","미쟝센","컬러케어 마스크팩 15ML","4,000"
"366","츠바키","츠바키 데미지케어 트리트먼트 180g","14,000"
"367","실크테라피","실크테라피 실크 인 캡슐 헤어 마스크 4ml*6EA","9,600"
"368","츠바키","츠바키 엑스트라 모이스트 트리트먼트 180g","14,000"
"369","미쟝센","퍼펙트 리페어 마스크팩 15ml","4,000"
"370","달리프","달리프글램 헤어팩 인 미스트 [뿌리는 고농축 헤어팩] 200ml*2개 기획(증정6mlx5개입)","22,400"
"371","허니체","허니체 크리미 허니 트리트먼트 470ml","14,900"
"372","로레알 파리","로레알파리 폴 리페어 마스크 200ml","10,000"
"373","존프리다","존프리다 딥클렌징 앤 리페어 마스크 250ml","13,300"
"374","씨피원","씨피-원 프리미엄 헤어 트리트먼트 25ml","3,200"
"375","모레모","모레모 워터트리트먼트 미라클 10 480ml 체리블라썸 기획","49,000"
"376","룩앳헤어로스","룩앳헤어로스 트루 헤어 앤 스칼프 트리트먼트 250ml","10,900"
"377","허니체","허니체 모이스처 헤어 마스크 와이 220g","13,400"
"378","미쟝센","볼륨 케어 마스크팩 15ML","4,000"
"379","헤어플러스","헤어플러스 컬러본드 보색 트리트먼트 300ml","14,300"
"380","록시땅","록시땅 퓨리파잉 프레쉬니스 클렌징 스크럽 150ml","34,000"
"381","츠바키","츠바키 볼륨터치 트리트먼트 180g","14,000"
"382","룩앳헤어로스","룩앳헤어로스 내추럴 마일드 스칼프 케어 트리트먼트 500ml","7,900"
"383","룩앳헤어로스","룩앳헤어로스 민티치노 딥쿨링 트리트먼트 500ml","7,900"
"384","제이숲","퍼플제이 워터팩 부스터 250ml","32,000"
"385","티에스샴푸","TS 프리미엄 트리트먼트 200ml NEW","14,000"
"386","사이오스","사이오스 실리콘프리 리페어링 트리트먼트 마스크 200ml","11,900"
"387","이지엔","이지엔 닥터복구 알엑스-플렉스 NO.2 250ml","14,800"
"388","보다나","보다나 러블리리포머 인텐시브 케어팩","25,000"
"389","보다나","보다나 러블리리포머 인텐시브 트리트먼트","36,000"
"390","려","자양윤모 탈모증상케어 트리트먼트(모발영양 )300ml","14,000"
"391","려","자양윤모 탈모증상케어 트리트먼트(모근강화)300ml","14,000"
"392","미쟝센","미쟝센 데미지케어 트리트먼트 330ml","13,000"
"393","팬틴","팬틴 실키스무드케어 트리트먼트 220ml","7,700"
"394","팬틴","팬틴 엑스트라볼륨 트리트먼트 220ml","7,700"
"395","팬틴","팬틴 미셀라 퓨어 모이스트 트리트먼트 500ml","13,400"
"396","더프트앤도프트","더프트앤도프트 스톡홀름로즈 퍼퓸드 헤어트리트먼트 250ml","11,570"
"397","쿤달","쿤달 트리트먼트 500ml 클린솝","7,900"
"398","모레모","모레모 헤어 트리트먼트 미라클 2X_280ml","23,000"
"399","헤어플러스","헤어플러스 실크 코팅 트리트먼트 500ml","8,700"
"400","헤어플러스","헤어플러스 벨벳 프로틴 본드 트리트먼트 210ml","6,300"
"401","투쿨포스쿨","투쿨포스쿨 에그 레미디 헤어팩 200g","15,000"
"402","닥터포헤어","닥터포헤어 앱솔루트 실크 트리트먼트 300ml","12,000"
"403","아로마티카","아로마티카 로즈마리 스칼프 스크럽 165g","10,500"
"404","탱글엔젤","탱글엔젤 핑크 미라클 트리트먼트 500ml","9,900"
"405","이지엔","이지엔 닥터복구 알엑스-플렉스 퍼팩트 세트","16,000"
"406","실크테라피","실크테라피 뉴트리티브 크림 헤어팩 250ml","16,800"
"407","씨피원","씨피-원 프리미엄 헤어 트리트먼트 25ml4개입","11,800"
"408","더프트앤도프트","더프트앤도프트 핑크브리즈 퍼퓸드 헤어트리트먼트 250ml","11,900"
"409","록시땅","록시땅 아로마 리페어 헤어 마스크 200ml","42,000"
"410","더마클라센","더마클라센 워터 투 크림 트리트먼트 200ml","13,600"
"411","미쟝센","3분 살롱 마스크팩 300ml","13,000"
"412","더마앤모어","더마앤모어 미셀라 안티더스트 두피 트리트먼트 600ml","7,500"
"413","달리프","달리프 베러 루트 워터트리트먼트 200ml [탈모증상완화]","10,800"
"414","멜로우터치","멜로우터치 노워시 단백질 헤어 트리트먼트 밤","14,900"
"415","사이오스","사이오스 네이처프로 스칼프 엑스퍼트 샴푸 + 클레이 마스크 기획","18,500"
"416","사이오스","사이오스 올레오 12 트리트먼트 마스크 200ml","9,900"
"417","츠바키","츠바키 프리미엄 리페어 마스크 기획(180g+15g*6)","16,000"
"418","존프리다","존프리다 프리즈 이즈 미라큘러스 리커버리 딥 컨디셔너 150mL","19,000"
"419","쿤달","쿤달 트리트먼트 500ml 체리블라썸","8,900"
"420","아베다","아베다 데미지 레미디™ 인텐시브 리스트럭쳐링 트리트먼트 150ml","53,000"
"421","더프트앤도프트","더프트앤도프트 소피소피 퍼퓸드 헤어트리트먼트 250ml","11,570"
"422","다이안","다이안 퍼펙트뷰티 엑스트라 샤인 헤어마스크 150g","9,100"
"423","다이안","다이안 퍼펙트뷰티 엑스트라 데미지 리페어 헤어마스크 150g","9,100"
"424","엘라스틴","엘라스틴 캡슐헤어팩 망고바나나 20g","2,000"
"425","아로마티카","아로마티카 로즈마리 3-in-1 트리트먼트 110ml","9,800"
"426","아베다","아베다 인바티 어드밴스드™ 씨크닝 컨디셔너 200ml","39,000"
"427","아베다","아베다 체리 아몬드 소프트닝 컨디셔너 200ml","25,000"
"428","이브로쉐","이브로쉐 호호바 리페어 헤어 슬리핑 케어 150ML","14,900"
"429","헤드스파7","헤드스파7 트리트먼트 300ml*2개","37,000"
"430","달리프","달리프글램 스타일링 픽서 200ml [탈모증상완화/두피강화]","9,900"
"431","달리프","달리프 클로렐라 베러 루트 헤어토닉 100ml [탈모증상완화/두피강화]","10,800"
"432","미쟝센","[어워즈기획] NEW퍼펙트 세럼80ml+15ml추가증정","7,500"
"433","닥터포헤어","닥터포헤어 리프레싱 스프레이 150ml","16,000"
"434","달리프","달리프글램 컬크림 150ml [탱글탄력웨이브]","9,900"
"435","모레모","모레모 헤어 세럼 R 120ml","13,300"
"436","아로마티카","[아로마티카] 로즈마리  루트 인핸서 100ml","9,100"
"437","달리프","달리프 클로렐라 베러 루트 쿨링스프레이 100ml [두피강화]","10,800"
"438","헤어플러스","헤어플러스 단백질 본드 앰플 에센스 기획세트(70ml+70ml)","11,700"
"439","달리프","달리프글램 컬링에센스 150ml [내추럴웨이브]","10,400"
"440","로레알 파리","로레알 엑스트라오디네리 오일 리치브라운 2입 기획","28,500"
"441","미쟝센","미쟝센 컬링 에센스2X굵은컬 150ml","5,000"
"442","미쟝센","미쟝센 펄 풀&글래머러스 볼륨 미스트 200ml","4,000"
"443","헤어플러스","헤어플러스 프로틴 본드 워터 에센스 200ml","10,400"
"444","차홍","차홍 픽스 볼륨 스프레이 150ml","17,000"
"445","마쉐리","마쉐리 아쿠아 듀 에너지 EX 120g","8,000"
"446","헤드스파7","헤드스파7 블루밍매직 헤어스타일러 특별 기획세트(100ml+열전도용헤어롤)","10,500"
"447","다슈","다슈 데일리 웨트 컬크림 150ml (웨트헤어 스타일링)","10,500"
"448","달리프","달리프글램 헤어 데오미스트 플라워 100ml [두피강화/냄새근본해결]","7,700"
"449","닥터포헤어","닥터포헤어 폴리젠 토닉 120ml","15,000"
"450","루시도엘","루시도엘 아르간 헤어 트리트먼트 리페어 오일 60ml","9,900"
"451","달리프","달리프 베러 루트 헤어토닉 [탈모증상완화/두피강화] 100ml*2개 (1+1기획세트)","18,000"
"452","갸스비","갸스비 무빙 락 스프레이 엑스트라하드 253ml","7,200"
"453","갸스비","갸스비 셋앤킵 수퍼하드 스프레이 263ml","8,500"
"454","리우젤","리우젤 그루밍 토닉 11.8oz/350ml","27,000"
"455","다슈","다슈 데일리 내추럴 헤어 크림 150ml (내림머리 내추럴스타일링)","10,500"
"456","차홍","차홍 플렉시블 컬크림 120 ml","22,500"
"457","달리프","달리프글램 컬링에센스[내추럴웨이브] 150ml*2개 기획(증정6mlx5개입)","19,400"
"458","헤어플러스","헤어플러스 벨벳프로틴본드 앰플 에센스70ml NEW","5,900"
"459","달리프","달리프글램 스타일링 픽서 [탈모증상완화/두피강화] 200ml*2개 기획","19,400"
"460","로레알 파리","로레알파리 토탈리페어5 모이스처 크림","11,100"
"461","이브로쉐","이브로쉐 호호바 리페어 포티파잉 헤어세럼 100ML (극손상모)","14,900"
"462","실크테라피","실크테라피 모이스트 앰플 에센스 60ml","9,900"
"463","실크테라피","실크테라피 리바이브 앰플 에센스 60ml","13,900"
"464","달리프","달리프글램 트루에센스 오리지널 100ml","12,600"
"465","갸스비","갸스비 스타일링 왁스 울트라 하드 80g X 3개 세트","13,530"
"466","다슈","다슈 포맨 울트라 홀딩 파워 왁스 100ml+스프레이 50ml 기획","10,800"
"467","라우쉬","라우쉬 스위스 허벌 헤어 토닉 200ml(두피 진정 마사지 토닉)","32,400"
"468","갸스비","갸스비 수퍼하드 스타일링 폼 185g","8,000"
"469","다슈","다슈 데일리 볼륨업 컬크림 150ml (볼륨컬링 스타일링)","9,450"
"470","다슈","[어워즈기획] 다슈 메가 홀드 슈퍼 스프레이 (250ml+250ml+50ml)","16,000"
"471","실크테라피","실크테라피 실크에센스 195kit(165+15*2)","29,900"
"472","OGX","OGX 아르간 오브 모로코 오일 100ml","18,000"
"473","XTM","XTM 헤어 왁스 (울트라 하드)","6,900"
"474","헤어플러스","헤어플러스 단백질 본드 오일 에센스 150ml","13,500"
"475","실크테라피","실크테라피 실크 미스트 200ml","19,900"
"476","착한팩토리","착한팩토리 단백질폭탄 실크90테라피(80ml*3) (NEW)","19,900"
"477","라우쉬","라우쉬 콜츠푸트 안티-댄드러프 로션 200ml(비듬 각질 정화 토닉)","39,000"
"478","사이오스","사이오스 올레오12 오일 미스트 100ml","9,900"
"479","존프리다","존프리다 프리즈 이즈 세럼 4종 선택1","15,200"
"480","다슈","다슈 데일리 울트라 홀딩 스칼프 스프레이 200ml (탈모증상완화 도움 기능성 헤어스프레이)","10,800"
"481","유리카","유리카 헤어실드 80ml","13,900"
"482","클로란","클로란 피오니 두피 세럼 65ml","25,000"
"483","쿤달","쿤달 울트라 헤어세럼 100ml 화이트머스크","8,900"
"484","착한팩토리","착한팩토리 밀크단백질 90 에센스팩 150ml","10,360"
"485","다슈","다슈 안티 헤어로스 허브 헤어토닉 150ml (탈모증상완화도움 기능성)","10,800"
"486","차홍","차홍 인텐시브 리페어 에센스 60 ml","21,000"
"487","러비더비","러비더비 퀵 모닝 드라이 미스트 샤이니 데이 100ml","7,800"
"488","리우젤","리우젤 그루밍 토닉 3.38oz/100ml","11,000"
"489","러비더비","러비더비 퀵모닝 홀드 미 컬링 미스트 [100ml]","8,900"
"490","티지 베드헤드","티지 베드헤드 에고 부스트 컨디셔닝 헤어에센스 237ml","13,300"
"491","클로란","클로란 일랑일랑 오일스프레이 100ml","16,000"
"492","미쟝센 맨","미쟝센 맨 매트파워왁스 110ml","7,000"
"493","츠바키","츠바키 오일 퍼펙션 헤어 오일 50ml","24,000"
"494","박준뷰티랩","박준뷰티랩 홀드&샤인 헤어픽서 200ml","11,200"
"495","포뷰트","포뷰트 스피어 포마드왁스 50g","31,000"
"496","로레알 파리","로레알파리 엑스트라오디네리 오일 리치브라운","19,000"
"497","더프트앤도프트","더프트앤도프트 소피소피 퍼퓸드 헤어 에센스100ml","10,270"
"498","달리프","달리프글램 샤이닝 스프레이 150ml [모발광채 즉각부여]","10,400"
"499","갸스비","갸스비 수퍼하드 스타일링 젤 200g","5,500"
"500","갸스비","갸스비 셋앤킵 수퍼하드 스프레이 67ml","4,000"
"501","포레스트스토리","향기주는 워터에센스 비누향252ml","6,000"
"502","실크테라피","실크테라피 인리치드 액션 160kit","30,400"
"503","갸스비","갸스비 울트라 하드 왁스 80g","4,750"
"504","포레스트스토리","슈퍼하드 워터스프레이100ml","2,500"
"505","다슈","다슈 클래식 인크레더블 샤인 포마드 100g","18,000"
"506","포레스트스토리","슈퍼하드 워터스프레이 252ml","4,900"
"507","테라픽","테라픽 프리미엄 토탈 헤어 토닉 160ml","18,900"
"508","루시도엘","루시도엘 아르간 헤어 트리트먼트 크림 150g","7,000"
"509","갸스비","[대용량] 갸스비 셋앤킵 대용량 스프레이 슈퍼하드 300ml","7,440"
"510","플란투어","플란투어39 파이토-카페인 토닉 200ml","17,100"
"511","피토더마","피토더마 티테라피 두피팅처 80ml","10,900"
"512","로레알 파리","로레알파리 토탈리페어5 헤어 세럼 프로엑스","11,800"
"513","제이숲","제이숲 레드제이 힐링픽서 200ml","18,000"
"514","루시도엘","루시도엘 아르간 헤어 트리트먼트 리치 오일 60ml","9,900"
"515","미쟝센","NEW 퍼펙트 로즈퍼퓸 세럼 80ml","15,000"
"516","미쟝센","극손상케어 크림타입 헤어세럼 에센스 80ml","7,500"
"517","리우젤","리우젤 파이버 포마드 4oz/113g","27,000"
"518","XTM","XTM 헤어 왁스 (에멀전)","6,900"
"519","미쟝센","NEW 미쟝센 퍼펙트 슈퍼리치 세럼 80ml","15,000"
"520","미쟝센","NEW 미쟝센 퍼펙트세럼 오리지널 80ml","15,000"
"521","미쟝센","NEW 미쟝센 퍼펙트 스타일링 세럼 80ml","15,000"
"522","미쟝센","NEW 퍼펙트 코코 워터 세럼 80ml","15,000"
"523","XTM","XTM 헤어 스프레이 울트라세팅 70 mL","5,500"
"524","리우젤","리우젤 파이버 포마드 1.3oz/35g","14,000"
"525","리우젤","리우젤 블루 수성 포마드 4oz/113g","26,000"
"526","XTM","XTM 헤어 스프레이 울트라세팅 180 mL","9,500"
"527","그라펜","그라펜 컨트롤 페이스트 왁스","12,500"
"528","리우젤","리우젤 익스트림 홀드 포마드 1.3oz/35g","14,000"
"529","그라펜","그라펜 그루밍 클레이 하드왁스","12,500"
"530","리우젤","리우젤 레드 수성 포마드 4oz/113g","26,000"
"531","리우젤","리우젤 블루 수성 포마드 1.3oz/35g","13,000"
"532","아로마티카","아로마티카 퀴노아 프로틴 헤어 앰플 100ml","11,900"
"533","그라펜","그라펜 헤어 샤베트 컬링 에센스","15,900"
"534","그라펜","그라펜 세이프 왁스","15,900"
"535","케라시스","케라시스 케라마이드 극손상 리치 세럼 70ml","12,100"
"536","갸스비","갸스비 스타일 & 케어오일 내츄럴 75ML","13,000"
"537","어헤즈","어헤즈 프리미엄 히든 테라피 토닉 60ml","13,600"
"538","어헤즈","어헤즈 볼륨미스트 250ml","12,700"
"539","실크테라피","실크테라피 떠멀 프로텍션 미스트 150ml","12,600"
"540","아베다","아베다 체리 아몬드 소프트닝 리브-인 컨디셔너 200ml","37,000"
"541","리우젤","리우젤 익스트림 홀드 포마드 4oz/113g","27,000"
"542","미쟝센","미쟝센 파워스윙 에센스왁스4","10,000"
"543","케라시스","케라시스 케라마이드 극손상 세럼 1+1 + 트리트먼트 60ml 추가구성","13,500"
"544","헤드스파7","헤드스파7 파우더리 헤어퍼퓸 100ml 3종 선택 1","9,450"
"545","리우젤","리우젤 레드 수성 포마드 1.3oz/35g","13,000"
"546","XTM","XTM 울트라세팅 다운 스틱왁스","11,000"
"547","갸스비","갸스비 무빙러버 스파이키엣지 왁스 80g","7,800"
"548","미쟝센","NEW퍼펙트 세럼80ml 더블기획+15ml추가증정","15,000"
"549","갸스비","갸스비 인사이드 락 모션 컨트롤 왁스 75g","7,500"
"550","록시땅","록시땅 퓨리파잉 프레쉬니스 리밸런싱 스칼프 에센스 75ml","39,000"
"551","갸스비","갸스비 스타일링 스프레이 매트&하드 200ml X 3개 세트","19,380"
"552","갸스비","갸스비 무빙러버 브라더스 세트_퍼플(80g+15g)","10,100"
"553","갸스비","갸스비 무빙러버 브라더스 세트_그레이(80g+15g)","10,100"
"554","갸스비","갸스비 무빙러버 브라더스 세트_핑크(80g+15g)","10,100"
"555","갸스비","갸스비 셋앤킵 스프레이 브라더스 세트(263ml+67ml)","9,500"
"556","갸스비","갸스비 리그룸 포마드 프라임 그리스 90g","16,000"
"557","갸스비","갸스비 리그룸 포마드 프라임 홀드 100g","8,000"
"558","달리프","달리프글램 헤어 데오미스트 라벤더 100ml [두피강화/냄새근본해결]","7,700"
"559","박준뷰티랩","박준뷰티랩 헤어 앤 스칼프 토닉 150ml","12,600"
"560","모레모","모레모 컬링 에센스 S 150ML","19,000"
"561","박준뷰티랩","박준뷰티랩 익스트림 매트 하드 헤어왁스 120g","15,000"
"562","달리프","달리프글램 트루에센스 오리지널 100ml*2개 기획(증정6mlx5개입)","22,400"
"563","로레알 파리","로레알파리 엑스트라오디네리 오일 라이트","16,300"
"564","플란투어","플란투어21 뉴트리-카페인 엘릭스 200ml","19,000"
"565","블랙몬스터","블랙몬스터 헤어 픽서 100ml","13,400"
"566","트루자임","트루자임 액티브 엔자임 스칼프 토닉 100ml","42,000"
"567","다슈","다슈 포맨 와일드 디자인 머클 왁스 100ml+스프레이 50ml 기획","10,800"
"568","다슈","다슈 포맨 오리지널 슈퍼 매트 왁스 100ml+스프레이 50ml 기획","10,800"
"569","다슈","다슈 데일리 볼륨업 컬크림 150ml*2개 기획","18,620"
"570","달리프","달리프글램 샤이닝 스프레이 150ml 기획 [모발광채 즉각부여](증정6mlx5개입)","10,400"
"571","달리프","달리프글램 컬크림[탱글탄력웨이브] 150ml*2개 기획(증정6mlx5개입)","19,400"
"572","박준뷰티랩","박준뷰티랩 샤이니 하드 헤어왁스 120g","15,000"
"573","미쟝센","퍼펙트 버블 폼 세럼 200ml","20,000"
"574","박준뷰티랩","박준뷰티랩 LPP 세라마이드 하드 컬 크림 150ml","11,900"
"575","실크테라피","실크테라피 모이스쳐 2STEP 드림 피크닉 기획","23,660"
"576","쏘내추럴","쏘내추럴 스타일 업 헤어 픽스 카라","10,500"
"577","쏘내추럴","쏘내추럴 올 데이 세팅 헤어 픽서 80ml","15,000"
"578","쏘내추럴","쏘내추럴 오일 컷 헤어 드라이 파우더 20g","18,000"
"579","미쟝센","스타일링 세럼 기획 80ml 더블기획+15ml추가증정","15,000"
"580","닥터그루트","닥터그루트 두피토닉 80ml","19,000"
"581","갸스비","갸스비 인사이드 락 스마트 플로우 세럼 75g","15,000"
"582","갸스비","갸스비 인사이드 락 스트레이트 워터 200ml","7,000"
"583","갸스비","갸스비 인사이드 락 에어리 홀드 세럼 75g","7,500"
"584","갸스비","갸스비 인사이드 락 내츄럴 업리프트 왁스 75g","15,000"
"585","달리프","달리프 베러 퍼퓸 에센스 레이니데이향 90ml","12,400"
"586","박준뷰티랩","박준뷰티랩 LPP 세라마이드 소프트 컬 크림 150ml","11,900"
"587","달리프","달리프 베러 퍼퓸 에센스 일랑로즈향 90ml","12,400"
"588","다슈","다슈 볼륨 카페인 파워 에어부스터 120ml (울트라하드)","14,400"
"589","실크테라피","실크테라피 오리지널 195 kit 드림 피크닉 기획","28,800"
"590","달리프","달리프 갈락토미세스 베러 퍼퓸 에센스 일랑로즈향 90ml*2개 (1+1기획세트)","20,500"
"591","달리프","달리프 갈락토미세스 베러 퍼퓸 에센스 레이니데이향 90ml*2개 (1+1기획세트)","20,500"
"592","헤어플러스","헤어플러스 컬러본드 보색 에센스 95ml","10,300"
"593","사이오스","사이오스 올레오12 인텐스케어 오일미스트 100ml","9,900"
"594","로레알 파리","로레알파리 엑스트라오디네리 리치브라운 오일인크림","16,300"
"595","아베다","아베다 뉴트리플레니쉬™ 리브-인 컨디셔너 200ml","37,000"
"596","테라픽","테라픽 프리미엄 토탈 헤어오일 100ml","13,400"
"597","러비더비","러비더비 퀵모닝 퍼펙터 스트레이트 미스트 [100ml]","12,900"
"598","차홍","차홍 프로틴 미스트 150ml","19,000"
"599","XTM","XTM 헤어 포마드 (내추럴 홀드)","12,000"
"600","록시땅","록시땅 아로마 리페어 오일 100ml","39,000"
"601","XTM","XTM 헤어 왁스 (내추럴 하드)","10,000"
"602","존프리다","존프리다 프리즈 이즈 너리싱 오일 일릭서","22,000"
"603","착한팩토리","착한팩토리 여신 스타일링 헤어픽서 8ml","5,900"
"604","마쉐리","마쉐리 헤어 쥬레 EX 소프트 웨이브 100g","12,000"
"605","마쉐리","마쉐리 퍼펙트 샤워 웨이브 EX 250ml","8,400"
"606","존프리다","존프리다 프리즈 이즈 오리지널 세럼 50ml","15,200"
"607","마쉐리","마쉐리 아쿠아 듀 에너지 EX 2종 세트  120g X2","25,600"
"608","케라시스","케라시스 케라마이드 앰플 10ml*4ea","15,000"
"609","케라시스","케라시스 케라마이드 극손상 클리닉 세럼 70ml","13,500"
"610","루시도엘","루시도엘 아르간 헤어 트리트먼트 오일 60ml","15,000"
"611","로레알 파리","로레알파리 엑스트라오디네리 하이 샤인 로즈 오일","19,000"
"612","우노","우노 수퍼 하드 스프레이 170g","9,500"
"613","다슈","다슈 포맨 프리미엄 울트라 매트다운 스틱왁스 40g","15,000"
"614","다슈","다슈 포맨 애쉬 실버 그레이 컬러왁스 100ml","18,000"
"615","클로란","클로란 석류 리브인크림 125ml","9,000"
"616","존프리다","존프리다 프리즈 이즈 미라큘러스 리커버리 리페어링 크림 세럼 50ml","13,300"
"617","존프리다","존프리다 프리즈 이즈 퍼펙트 피니쉬 세럼 50mL","19,000"
"618","착한팩토리","착한팩토리 단백질폭탄 실크90테라피 80ml (NEW)","8,800"
"619","그라펜","그라펜 해수 포마드 100g","13,900"
"620","그라펜","그라펜 해수 스프레이 210ml","12,900"
"621","그라펜","그라펜 니트워터 포마드 100g","16,900"
"622","로레알 파리","로레알파리 엑스트라오디네리 오일 보태니컬","19,000"
"623","스웨거","스웨거 헤어 스터너 왁스 크림 타입","15,000"
"624","다슈","다슈 안티헤어로스 픽서미스트 120ml (탈모증상완화도움 기능성)","18,000"
"625","허니체","허니체 딥 모이스트 리페어 헤어 세럼 115ml","12,600"
"626","포레스트스토리","포레스트스토리 매트라이트 워터스프레이 252ml","7,000"
"627","실크테라피","실크테라피 모이스처 트리플 에스 160KIT","36,000"
"628","미쟝센","머그샷 드라이세팅 스프레이 150ML","7,000"
"629","다슈","다슈 클래식 하드와이어 킵 스프레이 250ml","18,000"
"630","다슈","다슈 클래식 익스트림 레드 포마드 100g","18,000"
"631","미쟝센","미쟝센 머그샷 파파라치 글루왁스 100","13,000"
"632","미쟝센","미쟝센 머그샷  섹시오펜더 소프트매트왁스","13,000"
"633","미쟝센","미쟝센 머그샷 프리킹 루나틱 매트왁스","13,000"
"634","미쟝센","파워스윙 슈퍼 스트롱 스프레이9 200ml","4,900"
"635","꽃을든남자","꽃을든남자 후로랄초강력스프레이300ml","4,000"
"636","갸스비","갸스비 무빙러버 그란지매트 왁스 15g","3,500"
"637","갸스비","갸스비 무빙러버 스파이키엣지 왁스 15g","3,500"
"638","갸스비","갸스비 무빙러버 그란지매트 왁스 80g","7,800"
"639","갸스비","갸스비 무빙러버 에어라이즈 왁스 80g","9,800"
"640","갸스비","갸스비 무빙러버 루즈셔플 왁스 80g","9,800"
"641","갸스비","갸스비 무빙러버 와일드쉐이크 왁스 80g","7,800"
"642","미쟝센","미쟝센 머그샷 이블락킹 워터스프레이 200ml","7,000"
"643","존프리다","존프리다 프리즈 이즈 엑스트라 스트렝스 세럼 50mL","21,000"
"644","스웨거","[swagger]스웨거 헤어 스터너 왁스 50G","15,000"
"645","실크테라피","뿌리는 실크테라피 실크미스트(헤어미스트) 60ml","9,500"
"646","다슈","다슈 포맨 프리미엄 메가 홀드 슈퍼 스프레이 250ml","15,000"
"647","다슈","다슈 포맨 프리미엄 오리지널 슈퍼 매트 왁스 100g","15,000"
"648","다슈","다슈 포맨 프리미엄 와일드 디자인 머클 왁스 100g","15,000"
"649","다슈","다슈 포맨 프리미엄 울트라 홀딩 파워 왁스 100g","15,000"
"650","츠바키","츠바키 헤어 밀크 100ml","11,200"
"651","실크테라피","실크테라피 케라틴 미스트 60ml","9,500"
"652","스웨거","스웨거 헤어 세터 스프레이 200ml","13,000"
"653","실크테라피","실크테라피 2-STEP 집중관리 세트(미스트증정)","34,000"
"654","스웨거","스웨거 헤어 슬래머 포마드 110G","25,000"
"655","실크테라피","실크테라피 17 미라클 리브인 컨디셔너 150ml","19,900"
"656","루시도엘","루시도엘 스프레이 수퍼하드 293ml","7,000"
"657","로레알 파리","로레알파리 엑스트라오디네리 오일 리치","16,300"
"658","티지 베드헤드","티지 베드헤드 온 더 리바운드 리콜 컬 크림 헤어에센스 125ml","13,300"
"659","티지 베드헤드","티지 베드헤드 애프터파티 스무딩&샤인 헤어에센스 100ml","19,000"
"660","티지 베드헤드","티지 베드헤드 블로우 아웃 골든 스무딩&샤인 헤어에센스 100ml","13,300"
"661","미쟝센","[올리브영단독] 미쟝센 컬링 에센스2X 대용량 230ml","15,000"
"662","실크테라피","실크테라피 실크 미스트 60ml 3입 기획세트","28,500"
"663","다슈","다슈 포맨 밤부 핀 스프레이 300ml (인체용 DME 가스스프레이)","18,000"
"664","엘라스틴","엘라스틴 아미노펩타이드케어 헤어 오일 (일랑일랑&쟈스민) 150ml","10,900"
"665","엘라스틴","엘라스틴 아미노펩타이드케어 헤어 오일 (화이트로즈&피오니) 150ml","6,500"
"666","박준뷰티랩","박준뷰티랩 드라이 헤어에센스 200ml","12,900"
"667","박준뷰티랩","박준뷰티랩 아르간 헤어오일 120ml","12,000"
"668","블랙몬스터","블랙몬스터 왁스 120ml","13,900"
"669","보다나","보다나 러블리리포머 케어드롭","18,000"
"670","탱글엔젤","탱글엔젤 핑크 미라클 오일 에센스 80ml","13,000"
"671","착한팩토리","착한팩토리 꿀폭탄 90 에센스팩 150ml","10,360"
"672","제이숲","제이숲 퍼플제이 워터글로우 100ml","18,000"
"673","투쿨포스쿨","투쿨포스쿨 에그 레미디 헤어오일 100ml","15,000"
"674","클로란","클로란 아쿠아민트 두피 세정 미스트 100ml","25,000"
"675","쿤달","쿤달 울트라 헤어세럼 100ml 체리블라썸","8,900"
"676","포뷰트","포뷰트 스피어 포마드왁스(리필) 50g","13,000"
"677","포뷰트","포뷰트 스피어 무브먼트왁스(리필) 50g","11,700"
"678","포뷰트","포뷰트 스피어 프리즈왁스(리필) 50g","11,700"
"679","포뷰트","포뷰트 스피어 무브먼트왁스 50g","27,900"
"680","포뷰트","포뷰트 스피어 프리즈왁스 50g","27,900"
"681","포뷰트","포뷰트 엠스프레이 150ml","8,000"
"682","아베다","아베다 스피드 오브 라이트™ 블로우 드라이 엑셀러레이터 스프레이 200ml","36,000"
"683","아베다","아베다 인바티 어드밴스드™ 스칼프 리바이탈라이저 150ml","85,000"
"684","아베다","아베다 라이트 엘리먼츠™ 스무딩 플루이드 100ml","39,000"
"685","아베다","아베다 스무드 인퓨전™ 내츄럴리 스트레이트 150ml","40,000"
"686","아베다","아베다 데미지 레미디™ 데일리 헤어 리페어 100ml","41,000"
"687","쿤달","쿤달 울트라 헤어세럼 100ml 베이비파우더","7,900"
"688","XTM","XTM 헤어 포마드 (스트롱 홀드)","7,900"
"689","헤어플러스","헤어플러스 컬리 에센스 70ml","5,900"
"690","블랙몬스터","블랙몬스터 왁스 120ml (R)","13,900"
"691","티지 베드헤드","티지 베드헤드 포맨 파워 플레이 펌 피니쉬 젤 200ml","12,600"
"692","티지 베드헤드","티지 베드헤드 포맨 퓨어 텍스쳐 몰딩 페이스트 소프트 왁스 83g","19,000"
"693","티지 베드헤드","티지 베드헤드 포맨 매트 세퍼레이션 워커블 왁스 85g","13,300"
"694","티지 베드헤드","티지 베드헤드 폭시컬 컨투어 크림 헤어에센스 200ml","19,000"
"695","더프트앤도프트","더프트앤도프트 핑크브리즈 퍼퓸드 헤어 에센스 100ml","9,900"
"696","더프트앤도프트","더프트앤도프트 스톡홀름로즈 퍼퓸드 헤어 에센스 100ml","10,270"
"697","포레스트스토리","포레스트스토리 앱솔뤼 아르간 헤어오일 100ml","14,900"
"698","백스터","백스터 하드 워터 포마드","27,000"
"699","미프","미남프로젝트 스탠다드 왁스","19,000"
"700","클로란","클로란 퀴닌 케라틴 세럼 125ml","28,000"
"701","티지 베드헤드","티지 베드헤드 모터 마우스 볼륨&광택 헤어에센스 240ml","19,000"
"702","다슈","다슈 데일리 원데이 매직 볼륨 스타일링 파우더(펌프형) 40ml","18,000"
"703","CHI","CHI 티트리 오일 세럼 59ml","28,000"
"704","쿤달","쿤달 울트라 헤어세럼 100ml 클린솝","7,900"
"705","오드리헵번","오드리헵번 퍼퓸오일 미모사 80ml","13,500"
"706","그라펜","그라펜 콜드 부스터 100ml","13,800"
"707","그라펜","그라펜 콜드 부스터 200ml","17,800"
"708","케라시스","케라시스 히트액티브 웨이브 200ml","8,900"
"709","케라시스","케라시스 히트액티브 극손상 200ml","15,000"
"710","뷰티스푼","뷰티스푼 뱅헤어픽서 (노세범 파우더 왁스) 40ml","14,900"
"711","다슈","다슈 포맨 프리미엄 오리지널 슈퍼 매트 왁스 15ml","4,500"
"712","다슈","다슈 포맨 프리미엄 울트라 홀딩 파워 왁스 15ml","4,500"
"713","다슈","다슈 포맨 프리미엄 와일드 디자인 머클 왁스 15ml","4,500"
"714","스웨거","스웨거 헤어 트위스터 단백질 컬크림 100ml","15,000"
"715","갸스비","갸스비 워터스프레이 울트라 홀드 250ml","12,000"
"716","갸스비","갸스비 스타일링 스프레이 매트&하드 200ml","6,800"
"717","오드리헵번","오드리헵번 퍼퓸오일 로즈 80ml","13,500"
"718","그레이그라운드","그레이그라운드 이지픽스 컬크림 120ml","14,900"
"719","미쟝센","블랙핑크 x 미쟝센 헬로크림","7,500"
"720","로레알 파리","로레알파리 NEW 엑셀랑스 크림 9종 골라담기★","10,900"
"721","미쟝센","미쟝센 헬로크림 미스틱블랙 1B 턴컬러","5,950"
"722","미쟝센","블랙핑크X헬로버블 거품 염색 폼 컬러","7,000"
"723","이지엔","이지엔 푸딩 헤어컬러 옐로우아웃 애쉬토너","14,500"
"724","졸렌","졸렌 크림 블리치 마일드","13,900"
"725","리엔","리엔 흑모비책 오리엔탈 새치크림 염색 1+1","9,900"
"726","이지엔","이지엔 푸딩 헤어컬러 스탑오버 애쉬베이지","7,250"
"727","미쟝센","쉽고 빠른 거품염색","8,000"
"728","이지엔","이지엔 푸딩 헤어컬러 오스트리아 비엔나 브라운","7,250"
"729","이지엔","이지엔 쉐이킹 헤어블리치 블랙빼기","5,300"
"730","이지엔","이지엔 푸딩 헤어컬러 트러플 머쉬룸 블론드<U+00A0>","7,250"
"731","러비더비","컬러팝헤어트리트먼트 러시안블루 50g","3,900"
"732","이지엔","이지엔 푸딩 헤어컬러 부다페스트 딥 블랙","7,250"
"733","이지엔","이지엔 라이트업헤어블리치 블랙빼기","2,950"
"734","미쟝센","헬로버블 탈색제 프라이머","7,000"
"735","프레쉬라이트","프레쉬라이트턴컬러쿨블랙","6,500"
"736","이지엔","이지엔 푸딩 헤어컬러 사하라 샌디","14,500"
"737","에뛰드","에뛰드 투톤 트리트먼트 헤어 컬러 150ml","5,600"
"738","미쟝센","미쟝센 헬로버블폼컬러링 매트골드 (블랙핑크 에디션)","7,000"
"739","이지엔","이지엔 푸딩 헤어컬러 파묵칼레 애쉬그레이","7,250"
"740","미쟝센","블랙핑크 x 미쟝센 헬로버블","7,000"
"741","로레알 파리","로레알파리 매직리터치 75ml","15,000"
"742","이지엔","이지엔 크리미 헤어블리치 블랙빼기","9,800"
"743","러비더비","컬러팝헤어트리트먼트 라즈베리잼 50g","5,900"
"744","로레알 파리","로레알파리 NEW 엑셀랑스 듀오크림 4종 골라담기★","14,000"
"745","모레모 케라틴","모레모 케라틴 헤어 컬러 애쉬 블루 기획(2X 증정)","7,500"
"746","프레쉬라이트","프레쉬라이트 메가메가 블리치","6,500"
"747","모레모 케라틴","모레모 케라틴 크림 블리치","4,900"
"748","미쟝센","미쟝센 헬로크림 7CA 쿨애쉬","7,500"
"749","모레모 케라틴","모레모 케라틴 루트 터치 업 매직스트레이트","9,900"
"750","이지엔","이지엔 푸딩 헤어컬러 밀라노 에스프레소","7,250"
"751","프레쉬라이트","프레쉬라이트 헤어컬러 민트 애쉬","6,500"
"752","이지엔","이지엔 푸딩 헤어컬러 브뤼쉘 쇼콜라","7,250"
"753","모레모 케라틴","모레모 케라틴 손상 적은 헤어 컬러 쿨 블랙","7,500"
"754","메디힐","시크릿 체인지 헤어 블리치","2,900"
"755","미쟝센","미쟝센 헬로크림 10WC 웜코랄","7,500"
"756","미쟝센","미쟝센 헬로크림 6WB 웜브라운","7,500"
"757","모레모 케라틴","모레모 케라틴 헤어 컬러 애쉬 로즈 핑크 기획(2X 증정)","7,500"
"758","프레쉬라이트","프레쉬라이트 슈가애쉬","7,500"
"759","미쟝센","헬로버블 폼컬러 7K [애쉬카키브라운]","7,000"
"760","도도레이블","도도레이블 뿌리는 10분 앞머리펌","12,000"
"761","모레모 케라틴","모레모 케라틴 손상 적은 헤어 컬러 애쉬 블루","7,500"
"762","스킨베네핏","새치커버 마스카라","8,900"
"763","사이오스","사이오스 올레오 로얄브라운3N","7,900"
"764","사이오스","사이오스 올레오 펄핑크 2P","7,900"
"765","모레모 케라틴","모레모 케라틴 헤어 컬러 애쉬 퍼플 기획(2X 증정)","7,500"
"766","미쟝센","미쟝센 쉽고빠른 크림염색 8O쿠퍼브라운 40G","18,000"
"767","려","려 우아채 마스카라 짙은갈색 (NEW)","12,000"
"768","모레모 케라틴","모레모 케라틴 씨컬 펌","5,900"
"769","려","려 우아채 마스카라 자연갈색 (NEW)","12,000"
"770","이지피지","이지피지 나르가즘헤어볼류머 15G","18,000"
"771","미쟝센","[리미티드에디션]블랙핑크X헬로버블 네온 파라다이스 거품염색","14,000"
"772","미쟝센","헬로버블 9B 트윙클블루","14,000"
"773","이지피지","이지피지 해피펀치헤어커버스틱 3.5g","11,000"
"774","XTM","XTM 스피드 다운펌","9,900"
"775","더마클라센","더마클라센 리얼 헤어 커버 쿠션","17,600"
"776","미쟝센","쉽고빠른 크림염색 7B 애쉬브라운 40G","8,900"
"777","미쟝센","쉽고빠른 크림염색 3N 다크브라운 40G","8,900"
"778","꽃을든남자","꽃을든남자 CS먹물커버크림","9,000"
"779","엘라스틴","엘라스틴 살롱드컬러 100g_짙은갈색","4,950"
"780","쏘내추럴","쏘내추럴 헤어 라인 커버 쿠션","14,000"
"781","졸렌","졸렌 크림 블리치 마일드 1+1 기획","23,900"
"782","모레모 케라틴","모레모 케라틴 헤어 컬러 애쉬 라벤더","7,500"
"783","모레모 케라틴","모레모 케라틴 손상 적은 헤어 컬러 애쉬 로즈 핑크","7,500"
"784","모레모 케라틴","모레모 케라틴 손상 적은 헤어 컬러 밀크 블론드","14,500"
"785","미쟝센","미쟝센 헬로크림 8MB 뮤트브라운","7,500"
"786","모레모 케라틴","모레모 케라틴 손상 적은 헤어 컬러 초코 브라운","7,500"
"787","모레모 케라틴","모레모 케라틴 헤어 컬러 애쉬 라벤더 기획(2X 증정)","7,500"
"788","엘라스틴","부분염색전용) 엘라스틴 새치엔딩 흑갈색 10g","3,000"
"789","엘라스틴","부분염색전용) 엘라스틴 새치엔딩 자연갈색 10g","6,900"
"790","엘라스틴","부분염색전용) 엘라스틴 새치엔딩 짙은갈색 10g","6,900"
"791","모레모 케라틴","모레모 케라틴 헤어 컬러 애쉬 그레이 기획(2X 증정)","7,500"
"792","라라츄","라라츄 볼륨 헤어 쿠션 (다크브라운/라이트브라운)","21,000"
"793","미쟝센","미쟝센 헬로크림 5CB 쿨브라운","7,500"
"794","사이오스","사이오스 올레오 누드베이지2B","15,000"
"795","제니하우스","[올리브영단독] 제니하우스 NEW 살롱코드 글램헤어컬러","8,800"
"796","모레모 케라틴","모레모 케라틴 헤어 컬러 선셋 코랄 브라운","7,500"
"797","이지엔","이지엔 푸딩 헤어컬러 모로코 애쉬 로즈","14,500"
"798","러비더비","러비더비 컬러팝헤어트리트먼트 베이크드 옐로우 50g","5,900"
"799","미쟝센","미쟝센 헬로크림 1CB 쿨블랙","7,500"
"800","러비더비","러비더비 컬러팝 파스텔 믹서 헤어트리트먼트 100g","11,900"
"801","러비더비","러비더비 컬러팝헤어트리트먼트 블리치드 코랄 50g","3,900"
"802","엘라스틴","엘라스틴 살롱드컬러 100g_자연갈색","9,900"
"803","엘라스틴","엘라스틴 살롱드컬러 100g_밝은갈색","4,950"
"804","마몽드","마몽드 팡팡 헤어 섀도우 01 듀오세트","22,000"
"805","러비더비","러비더비 컬러팝헤어트리트먼트 옴브레 핑크 50g","3,900"
"806","미쟝센","쉽고빠른 크림염색","18,000"
"807","이지엔","이지엔 푸딩 헤어컬러 온타리오 메이플브라운","14,500"
"808","모레모 케라틴","모레모 케라틴 손상 적은 헤어 컬러 애쉬 퍼플","7,500"
"809","려","려 자양윤모새치커버4.0짙은갈색","13,000"
"810","려","려 자양윤모새치커버5.0자연갈색","13,000"
"811","프레쉬라이트","프레쉬라이트턴컬러큐트브라운","12,900"
"812","사이오스","사이오스 올레오 리치초콜렛 4N","15,000"
"813","미쟝센","미쟝센 헬로버블폼컬러링 더스티애쉬 (블랙핑크 에디션)","7,000"
"814","다슈","다슈 안티헤어로스 헤어쿠션(내추럴블랙)16g","18,000"
"815","다슈","다슈 안티헤어로스 헤어쿠션(내추럴브라운)16g","18,000"
"816","려","려 헤어쿠션","21,000"
"817","프레쉬라이트","프레쉬라이트 베리애쉬","14,900"
"818","꽃을든남자","간편하게 나눠쓰는 CS헤어칼라크림","5,000"
"819","미쟝센","미쟝센 헬로버블 7MA 메탈릭애쉬","7,000"
"820","프레쉬라이트","프레쉬라이트 헤어컬러 프리미엄베이지","12,900"
"821","미쟝센","미쟝센 헬로버블 11G 로즈골드","14,000"
"822","프레쉬라이트","프레쉬라이트 헤어컬러 패션블론드","6,500"
"823","프레쉬라이트","프레쉬라이트 헤어컬러 샴페인핑크","6,500"
"824","프레쉬라이트","프레쉬라이트 레몬블론드","14,900"
"825","프레쉬라이트","프레쉬라이트 스위트모카","7,500"
"826","프레쉬라이트","프레쉬라이트 에어리애쉬","7,500"
"827","미쟝센","헬로버블 폼컬러 6N [초코브라운]","7,000"
"828","미쟝센","헬로버블 폼컬러 10G [바닐라골드]","14,000"
"829","미쟝센","쉽고 빠른 거품염색 2N [흑색]","16,000"
"830","미쟝센","쉽고 빠른 거품염색 3N [흑갈색]","8,000"
"831","미쟝센","쉽고 빠른 거품염색 4N [짙은갈색]","16,000"
"832","프레쉬라이트","프레쉬라이트 로즈마카론","14,900"
"833","프레쉬라이트","프레쉬라이트 바닐라베이지","14,900"
"834","프레쉬라이트","프레쉬라이트 헤어컬러 미러애쉬","12,900"
"835","프레쉬라이트","프레쉬라이트 스위트아프리코트","6,500"
"836","미쟝센","헬로버블 7P 사하라로즈핑크","14,000"
"837","미쟝센","미쟝센 헬로버블 5BR 딥보르도로즈","14,000"
"838","그라펜","그라펜 오리지널 다운펌 100ml","13,900"
"839","이지엔","이지엔 푸딩 헤어컬러 산토리니 애쉬 블루","14,500"
"840","이지엔","이지엔 푸딩 헤어컬러 아이슬란드 애쉬라벤더","14,500"
"841","이지엔","이지엔 라이트업헤어블리치 블랙빼기2pack(1+1증정)","5,900"
"842","이지엔","이지엔 푸딩 헤어컬러 세렝게티 다크애쉬","7,250"
"843","에이프릴스킨","에이프릴스킨 턴업 앞머리 뽕 패드 30매","6,000"
"844","다나한","다나한 모 칼라크림 N1(흑색) 100g+100g","14,000"
"845","다나한","다나한 모 칼라크림 N4(자연흑갈색) 100g+100g","10,500"
"846","다슈","다슈 컬러 패스트 체인지 염색약 120g (새치전용)","9,600"
"847","모레모 케라틴","모레모 케라틴 손상 적은 헤어 컬러 매트 딥 브라운","14,500"
"848","모레모 케라틴","모레모 케라틴 손상 적은 헤어 컬러 애쉬 그레이","7,500"
"849","모레모 케라틴","모레모 케라틴 손상 적은 헤어 컬러 애쉬 카키","5,800"
"850","이지엔","이지엔 푸딩 헤어컬러 다마스크 로즈","14,500"
"851","블랙몬스터","블랙몬스터 다운펌 120ml","16,900"
"852","시크릿체인지","시크릿 체인지 헤어 블리치 2팩","4,900"
"853","러비더비","컬러팝헤어트리트먼트 시나몬브라운 50g","5,900"
"854","마몽드","마몽드 팡팡 헤어 섀도우  3.5g","14,000"
"855","다슈","다슈 포맨 프리미엄 울트라 본드 젤 다운펌 100ml","18,000"
"856","블랙몬스터","블랙몬스터 다운펌 120ml (R)","16,900"
"857","세븐피엠","세븐피엠 리얼콤 다운펌 100ml","11,900"
"858","메디힐","시크릿 체인지 5B 코발트 블랙","4,600"
"859","모레모 케라틴","모레모 케라틴 손상 적은 헤어 블리치","3,000"
"860","시크릿체인지","시크릿 체인지 5C 초코브라운","3,700"
"861","메디힐","시크릿 체인지 10MG 미스틱그레이","3,700"
"862","프레쉬라이트","프레쉬라이트 헤어컬러 블루베리 애쉬","6,500"
"863","티에스샴푸","TS 착한 염색 120G (3호/5호/6호/7호)_NEW","14,000"
"864","러비더비","컬러팝헤어트리트먼트 애쉬라벤더 50g","5,900"
"865","러비더비","컬러팝헤어트리트먼트 믹스애쉬 50g","5,900"
"866","시크릿체인지","시크릿 체인지 10GR 애쉬그레이","4,600"
"867","미쟝센","헬로버블 4B 웨일딥블루","14,000"
"868","보다나","보다나 글램웨이브 봉고데기 프리볼트 핑크 36mm","69,000"
"869","보다나","보다나 글램웨이브 봉고데기 프리볼트 핑크 40mm","71,000"
"870","보다나","보다나 소프트바 판고데기 프리볼트 퍼플라벤더","51,900"
"871","유닉스","유닉스 UCI-2932A","19,900"
"872","보다나","보다나 글램웨이브 봉고데기 PLUS 프리볼트 핑크 40mm","78,000"
"873","유닉스","유닉스 테이크아웃 블루고데기 UCI-A2502","12,000"
"874","박준뷰티랩","박준뷰티랩 두피 건조 접이식 프로 드라이기","17,900"
"875","보다나","보다나 포켓 미니 판고데기 민트초코","24,900"
"876","웨신","웨신 진동 두피 마사지기(멀티)","23,200"
"877","유닉스","유닉스 PowerMax 드라이어 UN-B1642","38,400"
"878","유닉스","유닉스 유니컬 오토아이론 UCI-A2990","89,000"
"879","보다나","보다나 글램웨이브 봉고데기 프리볼트 블랙 36mm","69,000"
"880","보다나","보다나 트리플 플로우 물결고데기(NEW)","76,000"
"881","보다나","포켓 미니 판고데기 핑크로즈 360(NEW)","24,900"
"882","보다나","포켓 미니 판고데기 민트초코 360(NEW)","24,900"
"883","제이엠더블유","JMW BLDC 맥스 접이식 드라이어 MF5002B","79,000"
"884","필립스","필립스 헤어 드라이어 (HP8245/69) 2100W","33,000"
"885","보다나","보다나 이지웨이브 회전봉고데기 PRO PLUS 36mm, 40mm (리뉴얼) 택1","99,000"
"886","유닉스","유닉스 테이크아웃 핑크고데기 UCI-A2501","15,000"
"887","스타롤","[스타롤] 충전식 열헤어롤 핑크","11,900"
"888","유닉스","유닉스 고데기 UCI-A2402","35,000"
"889","바비리스","바비리스ST325K고데기","19,800"
"890","유닉스","유닉스 테이크아웃 슈가핀뱅38 PW-A5938","11,900"
"891","유닉스","유닉스 Takeout guy's 멀티고데기 UCI-B2408","18,000"
"892","보다나","보다나 글램웨이브 봉고데기 프리볼트 바이올렛 40mm","80,000"
"893","보다나","보다나 글램웨이브 봉고데기 프리볼트 크리미블루 36mm","78,000"
"894","보다나","보다나 글램웨이브 봉고데기 프리볼트 블랙 32mm","69,000"
"895","보다나","보다나 글램웨이브 봉고데기 프리볼트 바이올렛 36mm","78,000"
"896","유닉스","테이크아웃 슈가핀 뿌리볼륨 USB헤어롤26 PW-A5926","10,900"
"897","유닉스","디지털플랫 프리볼트 고데기 UCI-A2958","27,000"
"898","스타롤","[스타롤] 충전식 열헤어롤 블랙","11,900"
"899","유닉스","무선뽕고데기 UCI-A2920","39,000"
"900","유닉스","무선브러시고데기 UCI-A2930","35,100"
"901","유닉스","트위스트접이식 드라이어 UN-A1267","19,900"
"902","박준뷰티랩","박준뷰티랩 전문가용 고데기 매직기 PJP-1703","17,900"
"903","유닉스","유닉스 테이크아웃 헤어롤 38 핑크 PW-5638SP","9,900"
"904","유닉스","유닉스 볼륨 컬링 아이론 UCI-A2534","29,900"
"905","보다나","보다나 에스더러브스유 2 in 1 헤어롤","3,900"
"906","보다나","보다나 에스더러브스유 미니고데기","29,000"
"907","보다나","보다나 글램웨이브 봉고데기 PLUS 프리볼트 핑크 36mm","76,000"
"908","유닉스","유닉스 Takeout guys 블랙고데기 UCI-B2407","15,000"
"909","보다나","보다나 글램웨이브 봉고데기 프리볼트 블랙 40mm","71,000"
"910","보다나","보다나 힛 레지스턴트 올인원 고데기","79,000"
"911","보다나","보다나 뉴트로 볼륨 나이아가라 고데기","55,500"
"912","제이엠더블유","JMW BLDC 전문가형 접이식 드라이어 MF6003C","85,000"
"913","제이엠더블유","JMW BLDC 전문가형 드라이어 MS6004D","89,000"
"914","제이엠더블유","JMW BLDC 전문가형 드라이어 MS6100A","89,000"
"915","제이엠더블유","JMW BLDC 전문가형 접이식 드라이어 MF5101DWS","75,000"
"916","제이엠더블유","JMW BLDC 전문가형 드라이어 MS8001A","210,000"
"917","유닉스","유닉스 테이크아웃무선플랫아이론UCI-A2021","35,000"
"918","유닉스","유닉스 테이크아웃무선멀티플랫아이론UCI-A2023","38,000"
"919","유닉스","유닉스 테이크아웃무선라운드아이론UCI-A2025","35,000"
"920","제이엠더블유","JMW 전문가형 이지 볼륨 고데기 매직기 W2101MD","69,000"
"921","제이엠더블유","JMW BLDC 전문가형 드라이어 M5061FWS","74,000"
"922","제이엠더블유","JMW BLDC 전문가형 드라이어 MH3170","64,000"
"923","비달사순","모이스트랩 헤어드라이어_VSD1200PIK","79,000"
"924","보다나","보다나 홀리데이에디션 CURL&FLAT","129,000"
"925","보다나","보다나 고데고대로멈춰라 고데기 헤어픽서 100ml(NEW)","12,900"
"926","유닉스","유닉스 테이크아웃 멀티고데기 UCI-A2504","18,000"
"927","필립스","필립스 헤어 드라이어 라인프렌즈 에디션 (BHC010/59) 브라운","22,900"
"928","필립스","필립스 헤어 드라이어 라인프렌즈 에디션 (BHC010/69) 핑크","23,900"
"929","유닉스","유닉스 테이크아웃 멀티고데기 UCI-A2503","14,400"
"930","유닉스","유닉스 LED드라이어 UN-B1919","41,000"
"931","유닉스","유닉스 플라워봉고데기35mm UCI-A2970","39,000"
"932","비달사순","모이스트랩 스타일러_VSC3290PK","69,000"
"933","유닉스","BLDC파워냉풍드라이어 UN-A3001","69,000"
"934","바비리스","바비리스 AS550K 오토볼륨매직","69,900"
"935","키스","키스뉴욕 바나나미니고데기 미니언즈 콜라보레이션","24,300"
"936","키스","키스뉴욕 인스타웨이브 26 미니언즈 콜라보레이션","62,000"
"937","스타롤","[스타롤]빅스타롤 충전식 열헤어롤","11,900"
"938","보다나","보다나 소프트바 판고데기 민트초코","52,000"
"939","보다나","보다나 소프트바 판고데기 핑크로즈","52,000"
"940","바비리스","바비리스MCS69PK스타일러","14,800"
"941","유닉스","유닉스 드라이어 UN-B1612","21,600"
"942","바비리스","바비리스 빗브러쉬 HSB11PK","25,800"
"943","유닉스","유닉스 테이크아웃 미니드라이어 UN-B1727","17,000"
"944","비달사순","비달사순 드라이어 VS5543PIK","39,800"
"945","보다나","보다나 포켓 미니 판고데기 핑크로즈","24,900"
"946","바비리스","바비리스 5561K 드라이기","22,800"
"947","바비리스","바비리스 스타일러 2289K","37,800"
"948","바비리스","바비리스 스타일러 ST270K","29,800"
"949","바비리스","바비리스C332K아이론","29,800"
"950","바비리스","바비리스 D210K 드라이어","29,800"
"951","유닉스","유닉스 테이크아웃 USB 플랫 아이론 UCI-A2771","12,900"
"952","유닉스","유닉스 테이크아웃 USB 플랫 아이론 UCI-A2772","13,900"
"953","유닉스","유닉스 테이크아웃 USB 볼륨 아이론 UCI-A2779","13,900"
"954","마이미","마이미 립스타일 무선 고데기","59,000"
"955","바비리스","바비리스 미니 스트레이트너 CS935K","17,800"
"956","바비리스","바비리스 포 맨 파워 이발기 E751K","29,800"
"957","바비리스","바비리스 볼륨스타일러 2289XLK","49,800"
"958","비달사순","세라믹 스트레이트너 VSCS50PK","22,800"
"959","유닉스","유닉스 무선 플랫아이론 UCI-A2910","40,410"
"960","비달사순","비달사순 세라믹 케어스트레이트너 VS932K","24,800"
"961","필립스","필립스 접이식 휴대용 헤어 드라이어 (BHC010) 블랙 1200W","12,900"
"962","아이캔디","아이캔디 윈드스핀 매직 헤어컬 디퓨저","15,900"
"963","유닉스","유닉스 테이크아웃무선멀티라운드아이론UCI-A2026","38,000"
"964","유닉스","유닉스 디지털플랫아이론 UCI-A2430","35,000"
"965","바비리스","비달사순  VSCD119PIK 컬링아이론","34,800"
"966","박준뷰티랩","박준뷰티랩 전문가용 프로드라이기","39,900"
"967","박준뷰티랩","박준뷰티랩 살롱 전문가용 봉고데기 38mm","79,000"
"968","포뷰트","포뷰트 엠스타일러","25,600"
"969","키스","키스뉴욕 미니 여행용드라이어 미니언즈 콜라보레이션","35,000"
"970","박준뷰티랩","박준뷰티랩 살롱 전문가용 봉고데기 32mm","79,000"
"971","바비리스","비달사순  VSCD746K 40MM 매직샤인컬링아이론","39,800"
"972","보다나","보다나 오로로사 벨벳바 판고데기 0.5인치","89,000"
"973","보다나","보다나 오로로사 벨벳바 판고데기 1.0인치","89,000"
"974","필립스","필립스 접이식 휴대용 헤어 드라이어 (BHC010) 핑크 1200W","19,900"
"975","보다나","보다나x에스더러브스유 퍼펙트 헤어키트","109,000"
"976","키스","키스뉴욕 인스타웨이브 프로페셔널 32","84,000"
"977","비달사순","비달사순 VSC2662K 메타메타(컬&스트레이트)","99,900"
"978","필립스","필립스 스마트케어 헤어 드라이어 (BHD184) 2200W","59,000"
"979","박준뷰티랩","박준뷰티랩 남자고데기 MX-7000","28,900"
"980","유닉스","유닉스 테이크아웃 헤어롤 38 블루 PW-5638MB","9,900"
"981","유닉스","유닉스 이지스타일러 UCI-A2711","25,000"
"982","유닉스","유닉스 Super D+ Change 드라이어 UN-A6010","69,000"
"983","비달사순","비달사순 드라이어 VSD180K","27,800"
"984","유닉스","유닉스 테이크아웃무선브러시아이론UCI-A2027","38,000"
"985","아이캔디","아이캔디 레인보우 볼륨 S 브러쉬 미디움 블랙","9,900"
"986","아이캔디","아이캔디 레인보우 볼륨 S 브러쉬 반달","4,500"
"987","탱글엔젤","탱글엔젤 프로 티타늄","21,900"
"988","탱글티저","탱글티저  디탱글러밀레니얼 핑크","17,600"
"989","아베다","아베다 우든 패들 브러쉬","36,000"
"990","아베다","아베다 미니 패들 브러쉬","29,000"
"991","탱글엔젤","탱글엔젤 오리지널 2.0 소프트터치 핑크","17,900"
"992","아이캔디","아이캔디 레인보우 볼륨 S 브러쉬 미디움 시크블랙","9,900"
"993","아이캔디","아이캔디 레인보우 볼륨 S 브러쉬 라지 핑크","14,000"
"994","탱글티저","탱글티저 오리지널 미니 선샤인 옐로우","9,900"
"995","아이캔디","아이캔디 레인보우 볼륨 S 브러쉬 미니 핑크","8,400"
"996","탱글티저","탱글티저  디탱글러 라일락 민트","22,000"
"997","탱글엔젤","탱글엔젤 프로 로즈골드","29,000"
"998","탱글엔젤","탱글엔젤 프로 컴팩트 로즈골드","21,900"
"999","탱글엔젤","탱글엔젤 프로 컴팩트 티타늄","29,000"
"1000","포뷰트","포뷰트 퓨어미105 아쿠아민트 그린","29,000"
"1001","포뷰트","포뷰트 퓨어미105 세렌디피티 퍼플","21,900"
"1002","아로마티카","아로마티카 우든 스칼프 브러쉬(루트 인핸서 30ml 증정)","25,000"
"1003","탱글엔젤","탱글엔젤 체럽 2.0 소프트터치 화이트","18,000"
"1004","탱글엔젤","탱글엔젤 체럽 2.0 소프트터치 핑크","18,000"
"1005","포뷰트","포뷰트 퓨어미105 체리블라썸 핑크","29,000"
"1006","탱글엔젤","탱글엔젤 체럽 2.0 글로스 화이트","13,900"
"1007","탱글엔젤","탱글엔젤 오리지널 2.0 글로스 화이트","17,900"
"1008","탱글엔젤","탱글엔젤 오리지널 2.0 글로스 핑크","23,000"
"1009","탱글엔젤","탱글엔젤 오리지널 2.0 소프트터치 화이트","23,000"
"1010","탱글엔젤","탱글엔젤 체럽 2.0 글로스 핑크","18,000"
"1011","탱글티저","탱글티저 오리지널 미니 마린 스플래쉬","12,400"
"1012","탱글티저","탱글티저 오리지널 미니 버블검 핑크","9,900"
"1013","탱글티저","탱글티저 컴팩트 스타일러 베이비핑크 크롬","27,000"
"1014","보다나","고져스 쿠션 브러쉬 바이 보다나 패들 브러쉬","11,000"
"1015","아이캔디","아이캔디 레인보우 볼륨 S 브러쉬 미디움 그린","10,500"
"1016","아이캔디","아이캔디 레인보우 볼륨 S 브러쉬 미니 블랙","12,000"
"1017","아이캔디","아이캔디 레인보우 볼륨 S 브러쉬 미디움 핑크","15,000"
"1018","아이캔디","아이캔디 레인보우 볼륨 S 브러쉬 미디움 바이올렛","15,000"
"1019","유닉스","유닉스 테이크아웃 음이온브러쉬 UB-A2601","16,900"
"1020","아이캔디","아이캔디 레인보우 볼륨 S 브러쉬 라지 블랙","20,000"
"1021","아이캔디","아이캔디 레인보우 볼륨 S 브러쉬 컴팩트 블랙","11,200"
"1022","탱글티저","탱글티저 라운드툴 스몰","24,600"
"1023","탱글티저","탱글티저 컴팩트 스타일러 핑크 홀로그래픽","21,600"
"1024","탱글티저","탱글티저 얼티밋 핑크","22,400"
"1025","아이캔디","아이캔디 레인보우 볼륨 S 브러쉬 패들 블랙","15,000"
"1026","아이캔디","아이캔디 레인보우 볼륨 S 브러쉬 미디움 러블리핑크","15,000"
"1027","보다나","보다나 자이언트 브러쉬","25,900"
"1028","탱글티저","탱글티저 오리지널 미니 피치 스무디","12,400"
"1029","유닉스","유닉스 테이크아웃 진동브러시 UB-A2603","17,900"
"1030","보다나","[올리브영 단독]보다나 자이언트브러쉬+헤어픽서 기획세트","28,900"
"1031","아이시화이트","두피쿨 마사지기","58,000"
"1032","브러쉬","WET브러쉬 로즈골드 미러팝폴드","15,000"
"1033","유닉스","유닉스 테이크아웃 이온헤어브러시 UB-A2602","11,900"
"1034","탱글티저","탱글티저 컴팩트 스타일러 베이비블루 크롬","21,600"
